Variables,Type,Notes,ner,,ne0,,ne1,,np0,,ne2,,np1,,neg,,cjo,,cjm,,ceo,,cem,,cpo,,cpod1,,cpod2,,cpm,,cpmd,,cjc,,iqs,,iqt,
,,,VRAM,Size,VRAM,Size,VRAM,Size,VRAM,Size,VRAM,Size,VRAM,Size,VRAM,Size,VRAM,Size,VRAM,Size,VRAM,Size,VRAM,Size,VRAM,Size,VRAM,Size,VRAM,Size,VRAM,Size,VRAM,Size,VRAM,Size,VRAM,Size,VRAM,Size
D_800093F0,,,,,,,,,,,,,,,,,,,,,,,,,,,,,,,,,800093F0,,,,,,,
D_80009410,,,,,,,,,,,,,,,,,,,,,,,,,,,,,,,,,80009410,,,,,,,
D_80009430,,,,,,,,,,,,,,,,,,,,,,,,,,,,,,,,,80009430,,,,,,,
gViConfigBlack,,,,,,,,,,,,,,,,,,,,,,,,,,,,,,,,,80009434,,,,,,,
gViConfigAdditionalScanLines,,,,,,,,,,,,,,,,,,,,,,,,,,,,,,,,,80009438,,,,,,,
gViConfigFeatures,,,,,,,,,,,,,,,,,,,,,,,,,,,,,,,,,8000943C,,,,,,,
gViConfigXScale,,,,,,,,,,,,,,,,,,,,,,,,,,,,,,,,,80009440,,,,,,,
gViConfigYScale,,,,,,,,,,,,,,,,,,,,,,,,,,,,,,,,,80009444,,,,,,,
gCartHandle,OSPiHandle*,,,,,,,,,,,,,,,,,,,,,,,,,,,,,,,,80009450,,,,80009D60,4,,
gDmaMgrVerbose,,,,,,,,,,,,,,,,,,,,,,,,,,,,,,,,,80009460,,,,,,,
gDmaMgrDmaBuffSize,,,,,,,,,,,,,,,,,,,,,,,,,,,,,,,,,80009464,,,,,,,
sDmaMgrIsRomCompressed,,,,,,,,,,,,,,,,,,,,,,,,,,,,,,,,,80009468,,,,,,,
sDmaMgrFileNames,,,,,,,,,,,,,,,,,,,,,,,,,,,,,,,,,8000946C,,,,,,,
gCurrentRegion,u32,,,,80006280,4,,,,,,,,,,,80006110,4,,,,,,,,,,,,,,,8000AC60,4,,,80009F00,4,,
sStackInfoListStart,,,,,,,,,,,,,,,,,,,,,,,,,,,,,,,,,8000AC80,,,,,,,
sStackInfoListEnd,,,,,,,,,,,,,,,,,,,,,,,,,,,,,,,,,8000AC84,,,,,,,
__osPiAccessQueueEnabled,,,,,,,,,,,,,,,,,,,,,,,,,,,,,,,,,8000AC90,,,,,,,
osViModePalLan1,,,,,,,,,,,,,,,,,,,,,,,,,,,,,,,,,8000ACA0,,,,,,,
osClockRate,,,,,,,,,,,,,,,,,,,,,,,,,,,,,,,,,8000ACF0,,,,,,,
osViClock,,,,,,,,,,,,,,,,,,,,,,,,,,,,,,,,,8000ACF8,,,,,,,
__osShutdown,u32,,,,,,,,,,,,,,,,,,,,,,,,,,,,,,,,8000ACFC,,,,8000A0FC,4,80009BAC,4
__osShutdownTime,u32,,,,,,,,,,,,,,,,,,,,,,,,,,,,,,,,,,,,,,80009BB0,4
__OSGlobalIntMask,OSHWIntr,,,,80006360,4,,,,,,,,,,,,,,,,,,,,,,,,,,,8000AD00,,,,8000A100,,80009BB4,
__osHwIntTable,struct __osHwInt,,,,,,,,,,,,,,,,,,,,,,,,,,,,,,,,8000AD10,,,,8000A070,28,80009B00,28
__osPiIntTable,struct __osHwInt,,,,,,,,,,,,,,,,,,,,,,,,,,,,,,,,8000AD38,,,,8000A098,8,80009B28,8
__osThreadTail,,,,,,,,,,,,,,,,,,,,,,,,,,,,,,,,,8000AD40,,,,,,,
D_80006234_ne0,void*,,,,80006234,,,,,,,,,,,,,,,,,,,,,,,,,,,,,,,,,,,
__osRunQueue,OSThread*,,,,80006338,4,,,,,,,,,,,,,,,,,,,,,,,,,,,8000AD48,,,,80009F38,4,800099C8,4
__osActiveQueue,,,,,,,,,,,,,,,,,,,,,,,,,,,,,,,,,8000AD4C,,,,,,,
__osRunningThread,OSThread*,,,,,,,,,,,,,,,,,,,,,,,,,,,,,,,,8000AD50,,,,80009F40,4,800099D0,4
__osFaultedThread,OSThread*,,,,,,,,,,,,,,,,,,,,,,,,,,,,,,,,8000AD54,,,,80009F44,4,800099D4,4
__osPiDevMgr,,,,,,,,,,,,,,,,,,,,,,,,,,,,,,,,,8000AD60,,,,,,,
__osPiTable,OSPiHandle*,,,,8000638C,4,,,,,,,,,,,,,,,,,,,,,,,,,,,8000AD7C,4,,,,,,
__osCurrentHandle,,,,,,,,,,,,,,,,,,,,,,,,,,,,,,,,,8000AD80,,,,,,,
__osPreNMI,,,,,,,,,,,,,,,,,,,,,,,,,,,,,,,,,8000AD90,,,,,,,
spaces,,,,,,,,,,,,,,,,,,,,,,,,,,,,,,,,,8000ADA0,,,,,,,
zeroes,,,,,,,,,,,,,,,,,,,,,,,,,,,,,,,,,8000ADC4,,,,,,,
__osTimerList,,,,,,,,,,,,,,,,,,,,,,,,,,,,,,,,,8000ADF0,,,,,,,
osViModeNtscLan1,,,,,,,,,,,,,,,,,,,,,,,,,,,,,,,,,8000AE00,,,,,,,
osViModeMpalLan1,,,,,,,,,,,,,,,,,,,,,,,,,,,,,,,,,8000AE50,,,,,,,
vi,,,,,,,,,,,,,,,,,,,,,,,,,,,,,,,,,8000AEA0,,,,,,,
__osViCurr,,,,,,,,,,,,,,,,,,,,,,,,,,,,,,,,,8000AF00,,,,,,,
__osViNext,,,,,,,,,,,,,,,,,,,,,,,,,,,,,,,,,8000AF04,,,,,,,
osViModeFpalLan1,,,,,,,,,,,,,,,,,,,,,,,,,,,,,,,,,8000AF20,,,,,,,
D_8000AF70,,,,,,,,,,,,,,,,,,,,,,,,,,,,,,,,,8000AF70,,,,,,,
D_8000AF84,,,,,,,,,,,,,,,,,,,,,,,,,,,,,,,,,8000AF84,,,,,,,
__osViDevMgr,,,,,,,,,,,,,,,,,,,,,,,,,,,,,,,,,8000AFA0,,,,,,,
__additional_scanline,,,,,,,,,,,,,,,,,,,,,,,,,,,,,,,,,8000AFBC,,,,,,,
__osIntOffTable,u8,,,,,,,,,,,,,,,,,,,,,,,,,,,,,,,,,,,,8000A670,20,8000A120,20
__osIntTable,void*,,,,,,,,,,,,,,,,,,,,,,,,,,,,,,,,,,,,8000A690,24,8000A140,24
__osRcpImTable,u16,,,,,,,,,,,,,,,,,,,,,,,,,,,,,,,,80012160,,,,8000A6C0,,8000A170,
D_800122E0,,,,,,,,,,,,,,,,,,,,,,,,,,,,,,,,,800122E0,,,,,,,
gBuildTeam,,,,,,,,,,,,,,,,,,,,,,,,,,,,,,,,,80012340,,,,,,,
gBuildDate,,,,,,,,,,,,,,,,,,,,,,,,,,,,,,,,,80012350,,,,,,,
gBuildMakeOption,,,,,,,,,,,,,,,,,,,,,,,,,,,,,,,,,80012364,,,,,,,
sBootThreadInfo,,,,,,,,,,,,,,,,,,,,,,,,,,,,,,,,,80012370,,,,,,,
sIdleThread,,,,,,,,,,,,,,,,,,,,,,,,,,,,,,,,,80012390,,,,,,,
sIdleThreadStack,,,,,,,,,,,,,,,,,,,,,,,,,,,,,,,,,80012540,,,,,,,
sIdleThreadInfo,,,,,,,,,,,,,,,,,,,,,,,,,,,,,,,,,80012940,,,,,,,
sBootThreadStack,,,,,,,,,,,,,,,,,,,,,,,,,,,,,,,,,80012960,,,,,,,
gMainThread,,,,,80007220,,,,,,,,,,,,,,,,,,,,,,,,,,,,80012D60,,,,,,,
sMainStack,,,,,,,,,,,,,,,,,,,,,,,,,,,,,,,,,80012F10,,,,,,,
sMainStackInfo,,,,,,,,,,,,,,,,,,,,,,,,,,,,,,,,,80013810,,,,,,,
sPiMgrCmdBuff,,,,,,,,,,,,,,,,,,,,,,,,,,,,,,,,,80013830,,,,,,,
gPiMgrCmdQueue,,,,,,,,,,,,,,,,,,,,,,,,,,,,,,,,,800138F8,,,,,,,
gViConfigMode,,,,,,,,,,,,,,,,,,,,,,,,,,,,,,,,,80013910,,,,,,,
gViConfigModeType,u8,,,,80006230,1,,,,,,,,,,,,,,,,,,,,,,,,,,,80013960,,,,,,,
sDmaMgrStackInfo,,,,,,,,,,,,,,,,,,,,,,,,,,,,,,,,,80013970,,,,,,,
sDmaMgrMsgQueue,,,,,,,,,,,,,,,,,,,,,,,,,,,,,,,,,80013990,,,,,,,
sDmaMgrMsgBuf,,,,,,,,,,,,,,,,,,,,,,,,,,,,,,,,,800139A8,,,,,,,
sDmaMgrThread,,,,,,,,,,,,,,,,,,,,,,,,,,,,,,,,,80013A28,,,,,,,
sDmaMgrStack,,,,,,,,,,,,,,,,,,,,,,,,,,,,,,,,,80013BD8,,,,,,,
sDmaMgrCurFileName,,,,,,,,,,,,,,,,,,,,,,,,,,,,,,,,,800140D8,,,,,,,
sDmaMgrCurFileLine,,,,,,,,,,,,,,,,,,,,,,,,,,,,,,,,,800140DC,,,,,,,
sYaz0DataBuffer,,,,,,,,,,,,,,,,,,,,,,,,,,,,,,,,,800140E0,,,,,,,
sYaz0DataBufferEnd,,,,,,,,,,,,,,,,,,,,,,,,,,,,,,,,,800144E0,,,,,,,
sYaz0CurRomStart,,,,,,,,,,,,,,,,,,,,,,,,,,,,,,,,,800144E4,,,,,,,
sYaz0CurSize,,,,,,,,,,,,,,,,,,,,,,,,,,,,,,,,,800144E8,,,,,,,
sYaz0MaxPtr,,,,,,,,,,,,,,,,,,,,,,,,,,,,,,,,,800144EC,,,,,,,
sCartInfo,,,,,,,,,,,,,,,,,,,,,,,,,,,,,,,,,800144F0,,,,,,,
sISVHandle,,,,,,,,,,,,,,,,,,,,,,,,,,,,,,,,,80014510,,,,,,,
__DriveRomHandle,OSPiHandle,,,,,,,,,,,,,,,,,,,,,,,,,,,,,,,,80014520,74,,,80010760,74,,
piAccessBuf,,,,,,,,,,,,,,,,,,,,,,,,,,,,,,,,,800145A0,,,,,,,
__osPiAccessQueue,,,,,,,,,,,,,,,,,,,,,,,,,,,,,,,,,800145A8,,,,,,,
__osFinalrom,,,,,,,,,,,,,,,,,,,,,,,,,,,,,,,,,800145C0,,,,,,,
__Dom1SpeedParam,,,,,,,,,,,,,,,,,,,,,,,,,,,,,,,,,800145D0,,,,,,,
__Dom2SpeedParam,,,,,,,,,,,,,,,,,,,,,,,,,,,,,,,,,80014648,,,,,,,
piThread,,,,,,,,,,,,,,,,,,,,,,,,,,,,,,,,,800146C0,,,,,,,
piStackThread,,,,,,,,,,,,,,,,,,,,,,,,,,,,,,,,,80014870,,,,,,,
piEventQueue,,,,,,,,,,,,,,,,,,,,,,,,,,,,,,,,,80015870,,,,,,,
piEventBuf,,,,,,,,,,,,,,,,,,,,,,,,,,,,,,,,,80015888,,,,,,,
__osThreadSave,OSThread,,,,,,,,,,,,,,,,,,,,,,,,,,,,,,,,80015890,,,,80012BE0,,80012680,
__osEventStateTab,__OSEventState,,,,80009DE0,80,,,,,,,,,,,,,,,,,,,,,,,,,,,80015A40,,,,80012F40,78,800129E0,78
__osBaseTimer,,,,,,,,,,,,,,,,,,,,,,,,,,,,,,,,,80015AC0,,,,,,,
__osCurrentTime,,,,,,,,,,,,,,,,,,,,,,,,,,,,,,,,,80015AE0,,,,,,,
__osBaseCounter,,,,,,,,,,,,,,,,,,,,,,,,,,,,,,,,,80015AE8,,,,,,,
__osViIntrCount,,,,,,,,,,,,,,,,,,,,,,,,,,,,,,,,,80015AEC,,,,,,,
__osTimerCounter,,,,,,,,,,,,,,,,,,,,,,,,,,,,,,,,,80015AF0,,,,,,,
__CartRomHandle,,,,,,,,,,,,,,,,,,,,,,,,,,,,,,,,,80015B00,,,,,,,
viThread,,,,,,,,,,,,,,,,,,,,,,,,,,,,,,,,,80015B80,,,,,,,
viThreadStack,,,,,,,,,,,,,,,,,,,,,,,,,,,,,,,,,80015D30,,,,,,,
viEventQueue,,,,,,,,,,,,,,,,,,,,,,,,,,,,,,,,,80016D30,,,,,,,
viEventBuf,,,,,,,,,,,,,,,,,,,,,,,,,,,,,,,,,80016D48,,,,,,,
viRetraceMsg,,,,,,,,,,,,,,,,,,,,,,,,,,,,,,,,,80016D60,,,,,,,
viCounterMsg,,,,,,,,,,,,,,,,,,,,,,,,,,,,,,,,,80016D78,,,,,,,
gDmaDataTable,,,,,,,,,,,,,,,,,,,,,,,,,,,,,,,,,80016DA0,,,,,,,
,,,,,,,,,,,,,,,,,,,,,,,,,,,,,,,,,,,,,,,,
,,,,,,,,,,,,,,,,,,,,,,,,,,,,,,,,,,,,,,,,
,,,,,,,,,,,,,,,,,,,,,,,,,,,,,,,,,,,,,,,,
En_A_Obj_InitVars,,,,,,,,,,,,,,,,,,,,,,,,,,,,,,,,,80115420,,,,,,,
En_Item00_InitVars,,,,,,,,,,,,,,,,,,,,,,,,,,,,,,,,,801154C0,,,,,,,
sSetupHandlers,,,,,,,,,,,,,,,,,,,,,,,,,,,,,,,,,80115780,,,,,,,
D_80115788,,,,,,,,,,,,,,,,,,,,,,,,,,,,,,,,,80115788,,,,,,,
D_8011578C,,,,,,,,,,,,,,,,,,,,,,,,,,,,,,,,,8011578C,,,,,,,
D_801157CC,,,,,,,,,,,,,,,,,,,,,,,,,,,,,,,,,801157CC,,,,,,,
sEffectInfoTable,,,,,,,,,,,,,,,,,,,,,,,,,,,,,,,,,80115860,,,,,,,
sEffectSsInfo,,,,,,,,,,,,,,,,,,,,,,,,,,,,,,,,,801158B0,,,,,,,
gEffectSsOverlayTable,,,,,,,,,,,,,,,,,,,,,,,,,,,,,,,,,801159B0,,,,,,,
sNaviColorList,,,,,,,,,,,,,,,,,,,,,,,,,,,,,,,,,80115F84,,,,,,,
D_80115FF0,,,,,,,,,,,,,,,,,,,,,,,,,,,,,,,,,80115FF0,,,,,,,
D_80115FF8,,,,,,,,,,,,,,,,,,,,,,,,,,,,,,,,,80115FF8,,,,,,,
sCategoryFreezeMasks,,,,,,,,,,,,,,,,,,,,,,,,,,,,,,,,,80116068,,,,,,,
sEnemyActorCategories,,,,,,,,,,,,,,,,,,,,,,,,,,,,,,,,,8011609C,,,,,,,
D_801160A0,,,,,,,,,,,,,,,,,,,,,,,,,,,,,,,,,801160A0,,,,,,,
D_80116268,,,,,,,,,,,,,,,,,,,,,,,,,,,,,,,,,80116268,,,,,,,
D_80116274,,,,,,,,,,,,,,,,,,,,,,,,,,,,,,,,,80116274,,,,,,,
D_80116280,,,,,,,,,,,,,,,,,,,,,,,,,,,,,,,,,80116280,,,,,,,
gActorOverlayTable,,,,,,,,,,,800E8B70,3AE0,,,,,,,,,,,,,,,,,,,,,801162A0,3AE0,,,,,,
gMaxActorId,,,,,,,,,,,800EC650,4,,,,,,,,,,,,,,,,,,,,,80119D80,4,,,,,,
D_80119D90,,,,,,,,,,,,,,,,,,,,,,,,,,,,,,,,,80119D90,,,,,,,
sSurfaceMaterialToSfxOffset,,,,,,,,,,,,,,,,,,,,,,,,,,,,,,,,,80119E10,,,,,,,
sZorasDomainWaterBox,,,,,,,,,,,,,,,,,,,,,,,,,,,,,,,,,80119EAC,,,,,,,
sZorasDomainWaterBoxMinX,,,,,,,,,,,,,,,,,,,,,,,,,,,,,,,,,80119EBC,,,,,,,
sZorasDomainWaterBoxMinY,,,,,,,,,,,,,,,,,,,,,,,,,,,,,,,,,80119EC0,,,,,,,
sZorasDomainWaterBoxMinZ,,,,,,,,,,,,,,,,,,,,,,,,,,,,,,,,,80119EC4,,,,,,,
sZorasDomainWaterBoxMaxX,,,,,,,,,,,,,,,,,,,,,,,,,,,,,,,,,80119EC8,,,,,,,
sZorasDomainWaterBoxMaxY,,,,,,,,,,,,,,,,,,,,,,,,,,,,,,,,,80119ECC,,,,,,,
sZorasDomainWaterBoxMaxZ,,,,,,,,,,,,,,,,,,,,,,,,,,,,,,,,,80119ED0,,,,,,,
sOREGInit,,,,,,,,,,,,,,,,,,,,,,,,,,,,,,,,,80119EE0,,,,,,,
sOREGInitCnt,,,,,,,,,,,,,,,,,,,,,,,,,,,,,,,,,80119F4C,,,,,,,
sCamDataRegsInit,,,,,,,,,,,,,,,,,,,,,,,,,,,,,,,,,80119F50,,,,,,,
sCamDataRegsInitCount,,,,,,,,,,,,,,,,,,,,,,,,,,,,,,,,,80119F88,,,,,,,
sCameraSettingNames,,,,,,,,,,,,,,,,,,,,,,,,,,,,,,,,,80119F8C,,,,,,,
sCameraModeNames,,,,,,,,,,,,,,,,,,,,,,,,,,,,,,,,,8011A2A4,,,,,,,
sSetNormal0ModeNormalData,,,,,,,,,,,,,,,,,,,,,,,,,,,,,,,,,8011A3A0,,,,,,,
sSetNormal0ModeZParallelData,,,,,,,,,,,,,,,,,,,,,,,,,,,,,,,,,8011A3C8,,,,,,,
sSetNormal0ModeZTargetFriendlyData,,,,,,,,,,,,,,,,,,,,,,,,,,,,,,,,,8011A3F4,,,,,,,
sSetNormal0ModeTalkData,,,,,,,,,,,,,,,,,,,,,,,,,,,,,,,,,8011A428,,,,,,,
sSetNormal0ModeZTargetUnfriendlyData,,,,,,,,,,,,,,,,,,,,,,,,,,,,,,,,,8011A458,,,,,,,
sSetNormal0ModeWallClimbData,,,,,,,,,,,,,,,,,,,,,,,,,,,,,,,,,8011A488,,,,,,,
sSetNormal0ModeFirstPersonData,,,,,,,,,,,,,,,,,,,,,,,,,,,,,,,,,8011A4AC,,,,,,,
sSetNormal0ModeAimAdultData,,,,,,,,,,,,,,,,,,,,,,,,,,,,,,,,,8011A4D0,,,,,,,
sSetNormal0ModeZAimData,,,,,,,,,,,,,,,,,,,,,,,,,,,,,,,,,8011A4F4,,,,,,,
sSetNormal0ModeHookshotFlyData,,,,,,,,,,,,,,,,,,,,,,,,,,,,,,,,,8011A518,,,,,,,
sSetNormal0ModeAimBoomerangData,,,,,,,,,,,,,,,,,,,,,,,,,,,,,,,,,8011A538,,,,,,,
sSetNormal0ModeAimChildData,,,,,,,,,,,,,,,,,,,,,,,,,,,,,,,,,8011A55C,,,,,,,
sSetNormal0ModeZWallClimbData,,,,,,,,,,,,,,,,,,,,,,,,,,,,,,,,,8011A580,,,,,,,
sSetNormal0ModeJumpData,,,,,,,,,,,,,,,,,,,,,,,,,,,,,,,,,8011A5A4,,,,,,,
sSetNormal0ModeLedgeHangData,,,,,,,,,,,,,,,,,,,,,,,,,,,,,,,,,8011A5C4,,,,,,,
sSetNormal0ModeZLedgeHangData,,,,,,,,,,,,,,,,,,,,,,,,,,,,,,,,,8011A5E0,,,,,,,
sSetNormal0ModeFreeFallData,,,,,,,,,,,,,,,,,,,,,,,,,,,,,,,,,8011A5FC,,,,,,,
sSetNormal0ModeChargeData,,,,,,,,,,,,,,,,,,,,,,,,,,,,,,,,,8011A61C,,,,,,,
sSetNormal0ModeStillData,,,,,,,,,,,,,,,,,,,,,,,,,,,,,,,,,8011A638,,,,,,,
sSetNormal0ModePushPullData,,,,,,,,,,,,,,,,,,,,,,,,,,,,,,,,,8011A660,,,,,,,
sSetNormal0ModeFollowBoomerangData,,,,,,,,,,,,,,,,,,,,,,,,,,,,,,,,,8011A68C,,,,,,,
sSetNormal1ModeNormalData,,,,,,,,,,,,,,,,,,,,,,,,,,,,,,,,,8011A6C0,,,,,,,
sSetNormal1ModeZParallelData,,,,,,,,,,,,,,,,,,,,,,,,,,,,,,,,,8011A6E8,,,,,,,
sSetNormal1ModeZTargetFriendlyData,,,,,,,,,,,,,,,,,,,,,,,,,,,,,,,,,8011A714,,,,,,,
sSetNormal1ModeZTargetUnfriendlyData,,,,,,,,,,,,,,,,,,,,,,,,,,,,,,,,,8011A748,,,,,,,
sSetNormal1ModeHookshotFlyData,,,,,,,,,,,,,,,,,,,,,,,,,,,,,,,,,8011A778,,,,,,,
sSetNormal1ModeJumpData,,,,,,,,,,,,,,,,,,,,,,,,,,,,,,,,,8011A798,,,,,,,
sSetNormal1ModeFreeFallData,,,,,,,,,,,,,,,,,,,,,,,,,,,,,,,,,8011A7B8,,,,,,,
sSetNormal1ModeWallClimbData,,,,,,,,,,,,,,,,,,,,,,,,,,,,,,,,,8011A7D8,,,,,,,
sSetNormal1ModeZWallClimbData,,,,,,,,,,,,,,,,,,,,,,,,,,,,,,,,,8011A7FC,,,,,,,
sSetNormal1ModeChargeData,,,,,,,,,,,,,,,,,,,,,,,,,,,,,,,,,8011A820,,,,,,,
sSetNormal1ModeLedgeHangData,,,,,,,,,,,,,,,,,,,,,,,,,,,,,,,,,8011A83C,,,,,,,
sSetNormal1ModeZLedgeHangData,,,,,,,,,,,,,,,,,,,,,,,,,,,,,,,,,8011A858,,,,,,,
sSetNormal1ModeStillData,,,,,,,,,,,,,,,,,,,,,,,,,,,,,,,,,8011A874,,,,,,,
sSetDungeon0ModeNormalData,,,,,,,,,,,,,,,,,,,,,,,,,,,,,,,,,8011A89C,,,,,,,
sSetDungeon0ModeZParallelData,,,,,,,,,,,,,,,,,,,,,,,,,,,,,,,,,8011A8C4,,,,,,,
sSetDungeon0ModeZTargetFriendlyData,,,,,,,,,,,,,,,,,,,,,,,,,,,,,,,,,8011A8F0,,,,,,,
sSetDungeon0ModeZTargetUnfriendlyData,,,,,,,,,,,,,,,,,,,,,,,,,,,,,,,,,8011A924,,,,,,,
sSetDungeon0ModeJumpData,,,,,,,,,,,,,,,,,,,,,,,,,,,,,,,,,8011A954,,,,,,,
sSetDungeon0ModeFreeFallData,,,,,,,,,,,,,,,,,,,,,,,,,,,,,,,,,8011A974,,,,,,,
sSetDungeon0ModeWallClimbData,,,,,,,,,,,,,,,,,,,,,,,,,,,,,,,,,8011A994,,,,,,,
sSetDungeon0ModeZWallClimbData,,,,,,,,,,,,,,,,,,,,,,,,,,,,,,,,,8011A9B8,,,,,,,
sSetDungeon0ModeChargeData,,,,,,,,,,,,,,,,,,,,,,,,,,,,,,,,,8011A9DC,,,,,,,
sSetDungeon0ModeLedgeHangData,,,,,,,,,,,,,,,,,,,,,,,,,,,,,,,,,8011A9F8,,,,,,,
sSetDungeon0ModeZLedgeHangData,,,,,,,,,,,,,,,,,,,,,,,,,,,,,,,,,8011AA14,,,,,,,
sSetDungeon0ModeStillData,,,,,,,,,,,,,,,,,,,,,,,,,,,,,,,,,8011AA30,,,,,,,
sSetDungeon1ModeNormalData,,,,,,,,,,,,,,,,,,,,,,,,,,,,,,,,,8011AA58,,,,,,,
sSetDungeon1ModeTalkData,,,,,,,,,,,,,,,,,,,,,,,,,,,,,,,,,8011AA80,,,,,,,
sSetDungeon1ModeJumpData,,,,,,,,,,,,,,,,,,,,,,,,,,,,,,,,,8011AAB0,,,,,,,
sSetDungeon1ModeFreeFallData,,,,,,,,,,,,,,,,,,,,,,,,,,,,,,,,,8011AAD0,,,,,,,
sSetDungeon1ModeWallClimbData,,,,,,,,,,,,,,,,,,,,,,,,,,,,,,,,,8011AAF0,,,,,,,
sSetDungeon1ModeZWallClimbData,,,,,,,,,,,,,,,,,,,,,,,,,,,,,,,,,8011AB14,,,,,,,
sSetDungeon1ModeChargeData,,,,,,,,,,,,,,,,,,,,,,,,,,,,,,,,,8011AB38,,,,,,,
sSetDungeon1ModeLedgeHangData,,,,,,,,,,,,,,,,,,,,,,,,,,,,,,,,,8011AB54,,,,,,,
sSetDungeon1ModeZLedgeHangData,,,,,,,,,,,,,,,,,,,,,,,,,,,,,,,,,8011AB70,,,,,,,
sSetDungeon1ModeStillData,,,,,,,,,,,,,,,,,,,,,,,,,,,,,,,,,8011AB8C,,,,,,,
sSetDungeon1ModePushPullData,,,,,,,,,,,,,,,,,,,,,,,,,,,,,,,,,8011ABB4,,,,,,,
sSetNormal3ModeNormalData,,,,,,,,,,,,,,,,,,,,,,,,,,,,,,,,,8011ABE0,,,,,,,
sSetNormal3ModeZParallelData,,,,,,,,,,,,,,,,,,,,,,,,,,,,,,,,,8011AC08,,,,,,,
sSetNormal3ModeTalkData,,,,,,,,,,,,,,,,,,,,,,,,,,,,,,,,,8011AC34,,,,,,,
sSetNormal3ModeAimBoomerangData,,,,,,,,,,,,,,,,,,,,,,,,,,,,,,,,,8011AC64,,,,,,,
sSetHorseModeNormalData,,,,,,,,,,,,,,,,,,,,,,,,,,,,,,,,,8011AC8C,,,,,,,
sSetHorseModeZParallelData,,,,,,,,,,,,,,,,,,,,,,,,,,,,,,,,,8011ACB0,,,,,,,
sSetHorseModeAimAdultData,,,,,,,,,,,,,,,,,,,,,,,,,,,,,,,,,8011ACD4,,,,,,,
sSetHorseModeZTargetFriendlyData,,,,,,,,,,,,,,,,,,,,,,,,,,,,,,,,,8011ACF8,,,,,,,
sSetHorseModeTalkData,,,,,,,,,,,,,,,,,,,,,,,,,,,,,,,,,8011AD2C,,,,,,,
sSetBossGohmaModeNormalData,,,,,,,,,,,,,,,,,,,,,,,,,,,,,,,,,8011AD5C,,,,,,,
sSetBossGohmaModeZTargetUnfriendlyData,,,,,,,,,,,,,,,,,,,,,,,,,,,,,,,,,8011AD84,,,,,,,
sSetBossDodongoModeNormalData,,,,,,,,,,,,,,,,,,,,,,,,,,,,,,,,,8011ADB4,,,,,,,
sSetBossDodongoModeZTargetUnfriendlyData,,,,,,,,,,,,,,,,,,,,,,,,,,,,,,,,,8011ADDC,,,,,,,
sSetBossBarinadeModeNormalData,,,,,,,,,,,,,,,,,,,,,,,,,,,,,,,,,8011AE0C,,,,,,,
sSetBossBarinadeModeZTargetUnfriendlyData,,,,,,,,,,,,,,,,,,,,,,,,,,,,,,,,,8011AE34,,,,,,,
sSetBossPhantomGanonModeNormalData,,,,,,,,,,,,,,,,,,,,,,,,,,,,,,,,,8011AE64,,,,,,,
sSetBossPhantomGanonModeZTargetUnfriendlyData,,,,,,,,,,,,,,,,,,,,,,,,,,,,,,,,,8011AE8C,,,,,,,
sSetBossVolvagiaModeNormalData,,,,,,,,,,,,,,,,,,,,,,,,,,,,,,,,,8011AEBC,,,,,,,
sSetBossVolvagiaModeZTargetUnfriendlyData,,,,,,,,,,,,,,,,,,,,,,,,,,,,,,,,,8011AEE4,,,,,,,
sSetBossBongoModeNormalData,,,,,,,,,,,,,,,,,,,,,,,,,,,,,,,,,8011AF14,,,,,,,
sSetBossBongoModeZTargetUnfriendlyData,,,,,,,,,,,,,,,,,,,,,,,,,,,,,,,,,8011AF3C,,,,,,,
sSetBossBongoModeJumpData,,,,,,,,,,,,,,,,,,,,,,,,,,,,,,,,,8011AF6C,,,,,,,
sSetBossMorphaModeNormalData,,,,,,,,,,,,,,,,,,,,,,,,,,,,,,,,,8011AF94,,,,,,,
sSetBossMorphaModeZTargetUnfriendlyData,,,,,,,,,,,,,,,,,,,,,,,,,,,,,,,,,8011AFBC,,,,,,,
sSetBossTwinrovaPlatformModeNormalData,,,,,,,,,,,,,,,,,,,,,,,,,,,,,,,,,8011AFEC,,,,,,,
sSetBossTwinrovaModeZTargetUnfriendlyData,,,,,,,,,,,,,,,,,,,,,,,,,,,,,,,,,8011B014,,,,,,,
sSetBossTwinrovaFloorModeNormalData,,,,,,,,,,,,,,,,,,,,,,,,,,,,,,,,,8011B044,,,,,,,
sSetBossGanondorfModeNormalData,,,,,,,,,,,,,,,,,,,,,,,,,,,,,,,,,8011B06C,,,,,,,
sSetBossGanondorfModeChargeData,,,,,,,,,,,,,,,,,,,,,,,,,,,,,,,,,8011B094,,,,,,,
sSetBossGanonModeNormalData,,,,,,,,,,,,,,,,,,,,,,,,,,,,,,,,,8011B0B0,,,,,,,
sSetBossGanonModeZTargetUnfriendlyData,,,,,,,,,,,,,,,,,,,,,,,,,,,,,,,,,8011B0D8,,,,,,,
sSetTowerClimbModeNormalData,,,,,,,,,,,,,,,,,,,,,,,,,,,,,,,,,8011B108,,,,,,,
sSetTowerClimbModeJumpData,,,,,,,,,,,,,,,,,,,,,,,,,,,,,,,,,8011B12C,,,,,,,
sSetTowerUnusedModeNormalData,,,,,,,,,,,,,,,,,,,,,,,,,,,,,,,,,8011B150,,,,,,,
sSetTowerUnusedModeJumpData,,,,,,,,,,,,,,,,,,,,,,,,,,,,,,,,,8011B174,,,,,,,
sSetMarketBalconyModeNormalData,,,,,,,,,,,,,,,,,,,,,,,,,,,,,,,,,8011B198,,,,,,,
sSetMarketBalconyModeZTargetFriendlyData,,,,,,,,,,,,,,,,,,,,,,,,,,,,,,,,,8011B1A8,,,,,,,
sSetMarketBalconyModeTalkData,,,,,,,,,,,,,,,,,,,,,,,,,,,,,,,,,8011B1B8,,,,,,,
sSetChuBowlingModeNormalData,,,,,,,,,,,,,,,,,,,,,,,,,,,,,,,,,8011B1C8,,,,,,,
sSetPivotCrawlspaceModeNormalData,,,,,,,,,,,,,,,,,,,,,,,,,,,,,,,,,8011B1D8,,,,,,,
sSetPivotShopBrowsingModeNormalData,,,,,,,,,,,,,,,,,,,,,,,,,,,,,,,,,8011B1EC,,,,,,,
sSetPivotInFrontAndFromSideModeNormalData,,,,,,,,,,,,,,,,,,,,,,,,,,,,,,,,,8011B1F8,,,,,,,
sDataOnlyNullFlags,,,,,,,,,,,,,,,,,,,,,,,,,,,,,,,,,8011B20C,,,,,,,
sSetPreRendFixedModeZTargetFriendlyData,,,,,,,,,,,,,,,,,,,,,,,,,,,,,,,,,8011B210,,,,,,,
sSetPreRendPivotModeNormalData,,,,,,,,,,,,,,,,,,,,,,,,,,,,,,,,,8011B214,,,,,,,
sSetPreRendPivotModeZTargetFriendlyData,,,,,,,,,,,,,,,,,,,,,,,,,,,,,,,,,8011B21C,,,,,,,
sSetPreRendPivotModeTalkData,,,,,,,,,,,,,,,,,,,,,,,,,,,,,,,,,8011B224,,,,,,,
sSetDoor0ModeNormalData,,,,,,,,,,,,,,,,,,,,,,,,,,,,,,,,,8011B234,,,,,,,
sSetDoorCModeNormalData,,,,,,,,,,,,,,,,,,,,,,,,,,,,,,,,,8011B240,,,,,,,
sSetDoorCModeZParallelData,,,,,,,,,,,,,,,,,,,,,,,,,,,,,,,,,8011B24C,,,,,,,
sSetCrawlspaceModeNormalData,,,,,,,,,,,,,,,,,,,,,,,,,,,,,,,,,8011B258,,,,,,,
sSetStart1ModeNormalData,,,,,,,,,,,,,,,,,,,,,,,,,,,,,,,,,8011B270,,,,,,,
sSetFree0ModeNormalData,,,,,,,,,,,,,,,,,,,,,,,,,,,,,,,,,8011B274,,,,,,,
sSetFree2ModeNormalData,,,,,,,,,,,,,,,,,,,,,,,,,,,,,,,,,8011B278,,,,,,,
sSetPivotCornerModeNormalData,,,,,,,,,,,,,,,,,,,,,,,,,,,,,,,,,8011B27C,,,,,,,
sSetPivotWaterSurfaceModeNormalData,,,,,,,,,,,,,,,,,,,,,,,,,,,,,,,,,8011B290,,,,,,,
sSetPivotWaterSurfaceModeZParallelData,,,,,,,,,,,,,,,,,,,,,,,,,,,,,,,,,8011B2A0,,,,,,,
sDataOnlyInterfaceField,,,,,,,,,,,,,,,,,,,,,,,,,,,,,,,,,8011B2B0,,,,,,,
sSetForestBirdsEyeModeNormalData,,,,,,,,,,,,,,,,,,,,,,,,,,,,,,,,,8011B2B4,,,,,,,
sSetForestBirdsEyeModeTalkData,,,,,,,,,,,,,,,,,,,,,,,,,,,,,,,,,8011B2E0,,,,,,,
sSetSlowChestCsModeNormalData,,,,,,,,,,,,,,,,,,,,,,,,,,,,,,,,,8011B2E4,,,,,,,
sSetCs3ModeNormalData,,,,,,,,,,,,,,,,,,,,,,,,,,,,,,,,,8011B2F0,,,,,,,
sSetBeanGenericModeNormalData,,,,,,,,,,,,,,,,,,,,,,,,,,,,,,,,,8011B2F4,,,,,,,
sSetBeanGenericModeZParallelData,,,,,,,,,,,,,,,,,,,,,,,,,,,,,,,,,8011B31C,,,,,,,
sSetBeanGenericModeJumpData,,,,,,,,,,,,,,,,,,,,,,,,,,,,,,,,,8011B348,,,,,,,
sSetBeanGenericModeLedgeHangData,,,,,,,,,,,,,,,,,,,,,,,,,,,,,,,,,8011B368,,,,,,,
sSetBeanGenericModeZLedgeHangData,,,,,,,,,,,,,,,,,,,,,,,,,,,,,,,,,8011B384,,,,,,,
sSetBeanGenericModeStillData,,,,,,,,,,,,,,,,,,,,,,,,,,,,,,,,,8011B3A0,,,,,,,
sSetBeanLostWoodsModeNormalData,,,,,,,,,,,,,,,,,,,,,,,,,,,,,,,,,8011B3C8,,,,,,,
sSetBeanLostWoodsModeZParallelData,,,,,,,,,,,,,,,,,,,,,,,,,,,,,,,,,8011B3F0,,,,,,,
sSetBeanLostWoodsModeJumpData,,,,,,,,,,,,,,,,,,,,,,,,,,,,,,,,,8011B41C,,,,,,,
sSetBeanLostWoodsModeLedgeHangData,,,,,,,,,,,,,,,,,,,,,,,,,,,,,,,,,8011B43C,,,,,,,
sSetBeanLostWoodsModeZLedgeHangData,,,,,,,,,,,,,,,,,,,,,,,,,,,,,,,,,8011B458,,,,,,,
sSetBeanLostWoodsModeStillData,,,,,,,,,,,,,,,,,,,,,,,,,,,,,,,,,8011B474,,,,,,,
sSetSceneUnusedModeNormalData,,,,,,,,,,,,,,,,,,,,,,,,,,,,,,,,,8011B49C,,,,,,,
sSetSceneTransitionModeNormalData,,,,,,,,,,,,,,,,,,,,,,,,,,,,,,,,,8011B4A8,,,,,,,
sSetBigOctoModeNormalData,,,,,,,,,,,,,,,,,,,,,,,,,,,,,,,,,8011B4B8,,,,,,,
sSetBigOctoModeZTargetUnfriendlyData,,,,,,,,,,,,,,,,,,,,,,,,,,,,,,,,,8011B4E0,,,,,,,
sSetBigOctoModeStillData,,,,,,,,,,,,,,,,,,,,,,,,,,,,,,,,,8011B510,,,,,,,
sSetMeadowBirdsEyeModeNormalData,,,,,,,,,,,,,,,,,,,,,,,,,,,,,,,,,8011B538,,,,,,,
sSetMeadowBirdsEyeModeZParallelData,,,,,,,,,,,,,,,,,,,,,,,,,,,,,,,,,8011B560,,,,,,,
sSetMeadowBirdsEyeModeZTargetUnfriendlyData,,,,,,,,,,,,,,,,,,,,,,,,,,,,,,,,,8011B58C,,,,,,,
sSetMeadowBirdsEyeModeWallClimbData,,,,,,,,,,,,,,,,,,,,,,,,,,,,,,,,,8011B5B8,,,,,,,
sSetMeadowUnusedModeNormalData,,,,,,,,,,,,,,,,,,,,,,,,,,,,,,,,,8011B5E0,,,,,,,
sSetMeadowUnusedModeZParallelData,,,,,,,,,,,,,,,,,,,,,,,,,,,,,,,,,8011B608,,,,,,,
sSetMeadowUnusedModeZTargetUnfriendlyData,,,,,,,,,,,,,,,,,,,,,,,,,,,,,,,,,8011B634,,,,,,,
sSetMeadowUnusedModeWallClimbData,,,,,,,,,,,,,,,,,,,,,,,,,,,,,,,,,8011B660,,,,,,,
sSetFireBirdsEyeModeNormalData,,,,,,,,,,,,,,,,,,,,,,,,,,,,,,,,,8011B688,,,,,,,
sSetFireBirdsEyeModeZParallelData,,,,,,,,,,,,,,,,,,,,,,,,,,,,,,,,,8011B6B0,,,,,,,
sSetFireBirdsEyeModeZTargetUnfriendlyData,,,,,,,,,,,,,,,,,,,,,,,,,,,,,,,,,8011B6DC,,,,,,,
sSetFireBirdsEyeModeWallClimbData,,,,,,,,,,,,,,,,,,,,,,,,,,,,,,,,,8011B708,,,,,,,
sSetTurnAroundModeNormalData,,,,,,,,,,,,,,,,,,,,,,,,,,,,,,,,,8011B730,,,,,,,
sSetPivotVerticalModeNormalData,,,,,,,,,,,,,,,,,,,,,,,,,,,,,,,,,8011B754,,,,,,,
sSetNormal2and4ModeNormalData,,,,,,,,,,,,,,,,,,,,,,,,,,,,,,,,,8011B75C,,,,,,,
sSetFishingModeNormalData,,,,,,,,,,,,,,,,,,,,,,,,,,,,,,,,,8011B784,,,,,,,
sSetFishingModeZParallelData,,,,,,,,,,,,,,,,,,,,,,,,,,,,,,,,,8011B7AC,,,,,,,
sSetFishingModeZTargetFriendlyData,,,,,,,,,,,,,,,,,,,,,,,,,,,,,,,,,8011B7D8,,,,,,,
sSetFishingModeTalkData,,,,,,,,,,,,,,,,,,,,,,,,,,,,,,,,,8011B808,,,,,,,
sSetFishingModeFirstPersonData,,,,,,,,,,,,,,,,,,,,,,,,,,,,,,,,,8011B838,,,,,,,
sSetFishingModeJumpData,,,,,,,,,,,,,,,,,,,,,,,,,,,,,,,,,8011B85C,,,,,,,
sSetFishingModeFreeFallData,,,,,,,,,,,,,,,,,,,,,,,,,,,,,,,,,8011B87C,,,,,,,
sSetFishingModeLedgeHangData,,,,,,,,,,,,,,,,,,,,,,,,,,,,,,,,,8011B89C,,,,,,,
sSetFishingModeZLedgeHangData,,,,,,,,,,,,,,,,,,,,,,,,,,,,,,,,,8011B8B8,,,,,,,
sSetCsCModeNormalData,,,,,,,,,,,,,,,,,,,,,,,,,,,,,,,,,8011B8D4,,,,,,,
sSetJabuTentacleModeNormalData,,,,,,,,,,,,,,,,,,,,,,,,,,,,,,,,,8011B8D8,,,,,,,
sSetJabuTentacleModeZTargetUnfriendlyData,,,,,,,,,,,,,,,,,,,,,,,,,,,,,,,,,8011B900,,,,,,,
sSetDungeon2ModeNormalData,,,,,,,,,,,,,,,,,,,,,,,,,,,,,,,,,8011B930,,,,,,,
sSetDungeon2ModeZParallelData,,,,,,,,,,,,,,,,,,,,,,,,,,,,,,,,,8011B958,,,,,,,
sSetDungeon2ModeZTargetUnfriendlyData,,,,,,,,,,,,,,,,,,,,,,,,,,,,,,,,,8011B984,,,,,,,
sSetDungeon2ModeJumpData,,,,,,,,,,,,,,,,,,,,,,,,,,,,,,,,,8011B9B4,,,,,,,
sSetDungeon2ModeFreeFallData,,,,,,,,,,,,,,,,,,,,,,,,,,,,,,,,,8011B9D4,,,,,,,
sSetDungeon2ModeWallClimbData,,,,,,,,,,,,,,,,,,,,,,,,,,,,,,,,,8011B9F4,,,,,,,
sSetDungeon2ModeZWallClimbData,,,,,,,,,,,,,,,,,,,,,,,,,,,,,,,,,8011BA18,,,,,,,
sSetDungeon2ModeLedgeHangData,,,,,,,,,,,,,,,,,,,,,,,,,,,,,,,,,8011BA3C,,,,,,,
sSetDungeon2ModeZLedgeHangData,,,,,,,,,,,,,,,,,,,,,,,,,,,,,,,,,8011BA58,,,,,,,
sSetDungeon2ModeStillData,,,,,,,,,,,,,,,,,,,,,,,,,,,,,,,,,8011BA74,,,,,,,
sSetDungeon2ModePushPullData,,,,,,,,,,,,,,,,,,,,,,,,,,,,,,,,,8011BA9C,,,,,,,
sSetDirectedYawModeNormalData,,,,,,,,,,,,,,,,,,,,,,,,,,,,,,,,,8011BAC8,,,,,,,
sSetDirectedYawModeZTargetFriendlyData,,,,,,,,,,,,,,,,,,,,,,,,,,,,,,,,,8011BAF0,,,,,,,
sSetDirectedYawModeTalkData,,,,,,,,,,,,,,,,,,,,,,,,,,,,,,,,,8011BB24,,,,,,,
sSetNormal4ModeTalkData,,,,,,,,,,,,,,,,,,,,,,,,,,,,,,,,,8011BB54,,,,,,,
sCamSetNormal0Modes,,,,,,,,,,,,,,,,,,,,,,,,,,,,,,,,,8011BB84,,,,,,,
sCamSetNormal1Modes,,,,,,,,,,,,,,,,,,,,,,,,,,,,,,,,,8011BC2C,,,,,,,
sCamSetDungeon0Modes,,,,,,,,,,,,,,,,,,,,,,,,,,,,,,,,,8011BCD4,,,,,,,
sCamSetDungeon1Modes,,,,,,,,,,,,,,,,,,,,,,,,,,,,,,,,,8011BD7C,,,,,,,
sCamSetNormal3Modes,,,,,,,,,,,,,,,,,,,,,,,,,,,,,,,,,8011BE24,,,,,,,
sCamSetHorseModes,,,,,,,,,,,,,,,,,,,,,,,,,,,,,,,,,8011BEC4,,,,,,,
sCamSetBossGohmaModes,,,,,,,,,,,,,,,,,,,,,,,,,,,,,,,,,8011BF0C,,,,,,,
sCamSetBossDodongoModes,,,,,,,,,,,,,,,,,,,,,,,,,,,,,,,,,8011BFB4,,,,,,,
sCamSetBossBarinadeModes,,,,,,,,,,,,,,,,,,,,,,,,,,,,,,,,,8011C05C,,,,,,,
sCamSetBossPhantomGanonModes,,,,,,,,,,,,,,,,,,,,,,,,,,,,,,,,,8011C104,,,,,,,
sCamSetBossVolvagiaModes,,,,,,,,,,,,,,,,,,,,,,,,,,,,,,,,,8011C1AC,,,,,,,
sCamSetBossBongoModes,,,,,,,,,,,,,,,,,,,,,,,,,,,,,,,,,8011C254,,,,,,,
sCamSetBossMorphaModes,,,,,,,,,,,,,,,,,,,,,,,,,,,,,,,,,8011C2FC,,,,,,,
sCamSetBossTwinrovaPlatformModes,,,,,,,,,,,,,,,,,,,,,,,,,,,,,,,,,8011C3A4,,,,,,,
sCamSetBossTwinrovaFloorModes,,,,,,,,,,,,,,,,,,,,,,,,,,,,,,,,,8011C44C,,,,,,,
sCamSetBossGanondorfModes,,,,,,,,,,,,,,,,,,,,,,,,,,,,,,,,,8011C4F4,,,,,,,
sCamSetBossGanonModes,,,,,,,,,,,,,,,,,,,,,,,,,,,,,,,,,8011C59C,,,,,,,
sCamSetTowerClimbModes,,,,,,,,,,,,,,,,,,,,,,,,,,,,,,,,,8011C644,,,,,,,
sCamSetTowerUnusedModes,,,,,,,,,,,,,,,,,,,,,,,,,,,,,,,,,8011C6EC,,,,,,,
sCamSetMarketBalconyModes,,,,,,,,,,,,,,,,,,,,,,,,,,,,,,,,,8011C794,,,,,,,
sCamSetChuBowlingModes,,,,,,,,,,,,,,,,,,,,,,,,,,,,,,,,,8011C7B4,,,,,,,
sCamSetPivotCrawlspaceModes,,,,,,,,,,,,,,,,,,,,,,,,,,,,,,,,,8011C7BC,,,,,,,
sCamSetPivotShopBrowsingModes,,,,,,,,,,,,,,,,,,,,,,,,,,,,,,,,,8011C7C4,,,,,,,
sCamSetPivotInFrontModes,,,,,,,,,,,,,,,,,,,,,,,,,,,,,,,,,8011C7CC,,,,,,,
sCamSetPreRendFixedModes,,,,,,,,,,,,,,,,,,,,,,,,,,,,,,,,,8011C874,,,,,,,
sCamSetPreRendPivotModes,,,,,,,,,,,,,,,,,,,,,,,,,,,,,,,,,8011C894,,,,,,,
sCamSetPreRendSideScrollModes,,,,,,,,,,,,,,,,,,,,,,,,,,,,,,,,,8011C8B4,,,,,,,
sCamSetDoor0Modes,,,,,,,,,,,,,,,,,,,,,,,,,,,,,,,,,8011C8BC,,,,,,,
sCamSetDoorCModes,,,,,,,,,,,,,,,,,,,,,,,,,,,,,,,,,8011C8C4,,,,,,,
sCamSetCrawlspaceModes,,,,,,,,,,,,,,,,,,,,,,,,,,,,,,,,,8011C8D4,,,,,,,
sCamSetStart0Modes,,,,,,,,,,,,,,,,,,,,,,,,,,,,,,,,,8011C8DC,,,,,,,
sCamSetStart1Modes,,,,,,,,,,,,,,,,,,,,,,,,,,,,,,,,,8011C8E4,,,,,,,
sCamSetFree0Modes,,,,,,,,,,,,,,,,,,,,,,,,,,,,,,,,,8011C8EC,,,,,,,
sCamSetFree2Modes,,,,,,,,,,,,,,,,,,,,,,,,,,,,,,,,,8011C8F4,,,,,,,
sCamSetPivotCornerModes,,,,,,,,,,,,,,,,,,,,,,,,,,,,,,,,,8011C8FC,,,,,,,
sCamSetPivotWaterSurfaceModes,,,,,,,,,,,,,,,,,,,,,,,,,,,,,,,,,8011C904,,,,,,,
sCamSetCs0Modes,,,,,,,,,,,,,,,,,,,,,,,,,,,,,,,,,8011C914,,,,,,,
sCamSetCsTwistedHallwayModes,,,,,,,,,,,,,,,,,,,,,,,,,,,,,,,,,8011C91C,,,,,,,
sCamSetForestBirdsEyeModes,,,,,,,,,,,,,,,,,,,,,,,,,,,,,,,,,8011C924,,,,,,,
sCamSetSlowChestCsModes,,,,,,,,,,,,,,,,,,,,,,,,,,,,,,,,,8011C944,,,,,,,
sCamSetItemUnusedModes,,,,,,,,,,,,,,,,,,,,,,,,,,,,,,,,,8011C94C,,,,,,,
sCamSetCs3Modes,,,,,,,,,,,,,,,,,,,,,,,,,,,,,,,,,8011C954,,,,,,,
sCamSetCsAttentionModes,,,,,,,,,,,,,,,,,,,,,,,,,,,,,,,,,8011C95C,,,,,,,
sCamSetBeanGenericModes,,,,,,,,,,,,,,,,,,,,,,,,,,,,,,,,,8011C964,,,,,,,
sCamSetBeanLostWoodsModes,,,,,,,,,,,,,,,,,,,,,,,,,,,,,,,,,8011CA0C,,,,,,,
sCamSetSceneUnusedModes,,,,,,,,,,,,,,,,,,,,,,,,,,,,,,,,,8011CAB4,,,,,,,
sCamSetSceneTransitionModes,,,,,,,,,,,,,,,,,,,,,,,,,,,,,,,,,8011CABC,,,,,,,
sCamSetElevatorPlatformModes,,,,,,,,,,,,,,,,,,,,,,,,,,,,,,,,,8011CAC4,,,,,,,
sCamSetFireStaircaseModes,,,,,,,,,,,,,,,,,,,,,,,,,,,,,,,,,8011CACC,,,,,,,
sCamSetForestUnusedModes,,,,,,,,,,,,,,,,,,,,,,,,,,,,,,,,,8011CAD4,,,,,,,
sCamSetForestDefeatPoeModes,,,,,,,,,,,,,,,,,,,,,,,,,,,,,,,,,8011CADC,,,,,,,
sCamSetBigOctoModes,,,,,,,,,,,,,,,,,,,,,,,,,,,,,,,,,8011CAE4,,,,,,,
sCamSetMeadowBirdsEyeModes,,,,,,,,,,,,,,,,,,,,,,,,,,,,,,,,,8011CB8C,,,,,,,
sCamSetMeadowUnusedModes,,,,,,,,,,,,,,,,,,,,,,,,,,,,,,,,,8011CBBC,,,,,,,
sCamSetFireBirdsEyeModes,,,,,,,,,,,,,,,,,,,,,,,,,,,,,,,,,8011CBEC,,,,,,,
sCamSetTurnAroundModes,,,,,,,,,,,,,,,,,,,,,,,,,,,,,,,,,8011CC1C,,,,,,,
sCamSetPivotVerticalModes,,,,,,,,,,,,,,,,,,,,,,,,,,,,,,,,,8011CC24,,,,,,,
sCamSetNorm2Modes,,,,,,,,,,,,,,,,,,,,,,,,,,,,,,,,,8011CC2C,,,,,,,
sCamSetFishingModes,,,,,,,,,,,,,,,,,,,,,,,,,,,,,,,,,8011CCD4,,,,,,,
sCamSetCsCModes,,,,,,,,,,,,,,,,,,,,,,,,,,,,,,,,,8011CD5C,,,,,,,
sCamSetJabuTentacleModes,,,,,,,,,,,,,,,,,,,,,,,,,,,,,,,,,8011CD64,,,,,,,
sCamSetDungeon2Modes,,,,,,,,,,,,,,,,,,,,,,,,,,,,,,,,,8011CE0C,,,,,,,
sCamSetDirectedYawModes,,,,,,,,,,,,,,,,,,,,,,,,,,,,,,,,,8011CEB4,,,,,,,
sCamSetPivotFromSideModes,,,,,,,,,,,,,,,,,,,,,,,,,,,,,,,,,8011CF5C,,,,,,,
sCamSetNormal4Modes,,,,,,,,,,,,,,,,,,,,,,,,,,,,,,,,,8011CFBC,,,,,,,
sCameraSettings,,,,,,,,,,,,,,,,,,,,,,,,,,,,,,,,,8011D064,,,,,,,
sCameraFunctions,,,,,,,,,,,,,,,,,,,,,,,,,,,,,,,,,8011D274,,,,,,,
sInitRegs,,,,,,,,,,,,,,,,,,,,,,,,,,,,,,,,,8011D390,,,,,,,
gDebugCamEnabled,,,,,,,,,,,,,,,,,,,,,,,,,,,,,,,,,8011D394,,,,,,,
sDbgModeIdx,,,,,,,,,,,,,,,,,,,,,,,,,,,,,,,,,8011D398,,,,,,,
sNextUID,,,,,,,,,,,,,,,,,,,,,,,,,,,,,,,,,8011D39C,,,,,,,
sCameraInterfaceField,,,,,,,,,,,,,,,,,,,,,,,,,,,,,,,,,8011D3A0,,,,,,,
sCameraHudVisibilityMode,,,,,,,,,,,,,,,,,,,,,,,,,,,,,,,,,8011D3A4,,,,,,,
sCameraLetterboxSize,,,,,,,,,,,,,,,,,,,,,,,,,,,,,,,,,8011D3A8,,,,,,,
D_8011D3AC,,,,,,,,,,,,,,,,,,,,,,,,,,,,,,,,,8011D3AC,,,,,,,
D_8011D3B0,,,,,,,,,,,,,,,,,,,,,,,,,,,,,,,,,8011D3B0,,,,,,,
D_8011D3CC,,,,,,,,,,,,,,,,,,,,,,,,,,,,,,,,,8011D3CC,,,,,,,
sUpdateCameraDirection,,,,,,,,,,,,,,,,,,,,,,,,,,,,,,,,,8011D3E8,,,,,,,
D_8011D3EC,,,,,,,,,,,,,,,,,,,,,,,,,,,,,,,,,8011D3EC,,,,,,,
D_8011D3F0,,,,,,,,,,,,,,,,,,,,,,,,,,,,,,,,,8011D3F0,,,,,,,
sDemo5PrevAction12Frame,,,,,,,,,,,,,,,,,,,,,,,,,,,,,,,,,8011D3F4,,,,,,,
sCameraFunctionNames,,,,,,,,,,,,,,,,,,,,,,,,,,,,,,,,,8011D3F8,,,,,,,
D_8011D658,,,,,,,,,,,,,,,,,,,,,,,,,,,,,,,,,8011D658,,,,,,,
D_8011D678,,,,,,,,,,,,,,,,,,,,,,,,,,,,,,,,,8011D678,,,,,,,
sDemo5PrevSfxFrame,,,,,,,,,,,,,,,,,,,,,,,,,,,,,,,,,8011D6A8,,,,,,,
D_8011D6AC,,,,,,,,,,,,,,,,,,,,,,,,,,,,,,,,,8011D6AC,,,,,,,
D_8011D724,,,,,,,,,,,,,,,,,,,,,,,,,,,,,,,,,8011D724,,,,,,,
D_8011D79C,,,,,,,,,,,,,,,,,,,,,,,,,,,,,,,,,8011D79C,,,,,,,
D_8011D83C,,,,,,,,,,,,,,,,,,,,,,,,,,,,,,,,,8011D83C,,,,,,,
D_8011D88C,,,,,,,,,,,,,,,,,,,,,,,,,,,,,,,,,8011D88C,,,,,,,
D_8011D8DC,,,,,,,,,,,,,,,,,,,,,,,,,,,,,,,,,8011D8DC,,,,,,,
D_8011D954,,,,,,,,,,,,,,,,,,,,,,,,,,,,,,,,,8011D954,,,,,,,
D_8011D9F4,,,,,,,,,,,,,,,,,,,,,,,,,,,,,,,,,8011D9F4,,,,,,,
sCamElevatorPlatformLowerEyePoints,,,,,,,,,,,,,,,,,,,,,,,,,,,,,,,,,8011DA6C,,,,,,,
sCamElevatorPlatformUpperEyePoints,,,,,,,,,,,,,,,,,,,,,,,,,,,,,,,,,8011DA9C,,,,,,,
sCamElevatorPlatformTogglePosY,,,,,,,,,,,,,,,,,,,,,,,,,,,,,,,,,8011DACC,,,,,,,
sCamElevatorPlatformFovRollParam,,,,,,,,,,,,,,,,,,,,,,,,,,,,,,,,,8011DADC,,,,,,,
sCamElevatorPlatformRolls,,,,,,,,,,,,,,,,,,,,,,,,,,,,,,,,,8011DAEC,,,,,,,
D_8011DAF4,,,,,,,,,,,,,,,,,,,,,,,,,,,,,,,,,8011DAF4,,,,,,,
D_8011DAF8,,,,,,,,,,,,,,,,,,,,,,,,,,,,,,,,,8011DAF8,,,,,,,
D_8011DAFC,,,,,,,,,,,,,,,,,,,,,,,,,,,,,,,,,8011DAFC,,,,,,,
sDebugCamTextEntryCount,,,,,,,,,,,,,,,,,,,,,,,,,,,,,,,,,8011E0B0,,,,,,,
sDebugCamTextColors,,,,,,,,,,,,,,,,,,,,,,,,,,,,,,,,,8011E0B4,,,,,,,
sRegGroupInputCombos,,,,,,,,,,,,,,,,,,,,,,,,,,,,,,,,,8011E0D4,,,,,,,
sRegGroupChars,,,,,,,,,,,,,,,,,,,,,,,,,,,,,,,,,8011E148,,,,,,,
sCurTextId,,,,,,,,,,,,,,,,,,,,,,,,,,,,,,,,,8011E1C0,,,,,,,
sCurOcarinaAction,,,,,,,,,,,,,,,,,,,,,,,,,,,,,,,,,8011E1C4,,,,,,,
sManualCutsceneHandlers,,,,,,,,,,,,,,,,,,,,,,,,,,,,,,,,,8011E1C8,,,,,,,
sScriptedCutsceneHandlers,,,,,,,,,,,,,,,,,,,,,,,,,,,,,,,,,8011E1DC,,,,,,,
sTitleDemoDestination,,,,,,,,,,,,,,,,,,,,,,,,,,,,,,,,,8011E1F0,,,,,,,
sEntranceCutsceneTable,,,,,,,,,,,,,,,,,,,,,,,,,,,,,,,,,8011E1F4,,,,,,,
sUnusedEntranceCsList,,,,,,,,,,,,,,,,,,,,,,,,,,,,,,,,,8011E304,,,,,,,
sDrawItemTable,,,,,,,,,,,,,,,,,,,,,,,,,,,,,,,,,8011E320,,,,,,,
sChildSariaQuestHints,,,,,,,,,,,,,,,,,,,,,,,,,,,,,,,,,8011F3A0,,,,,,,
sAdultSariaQuestHints,,,,,,,,,,,,,,,,,,,,,,,,,,,,,,,,,8011F3D4,,,,,,,
sReactionTextIds,,,,,,,,,,,,,,,,,,,,,,,,,,,,,,,,,8011F3F0,,,,,,,
gGameStateOverlayTable,GameStateOverlay,,,,,,,,,,,,,,,,,,,,,,,,,,,,,,,,8011F830,,,,800F8F30,120,,
sJpegTask,OSTask,,,,,,,,,,800F1BB0,40,,,,,,,,,,,,,,,,,,,,,8011FA60,40,,,,,,
sKaleidoSetupKscpPos0,,,,,,,,,,,,,,,,,,,,,,,,,,,,,,,,,8011FAA0,,,,,,,
sKaleidoSetupEyeX0,,,,,,,,,,,,,,,,,,,,,,,,,,,,,,,,,8011FAA8,,,,,,,
sKaleidoSetupEyeZ0,,,,,,,,,,,,,,,,,,,,,,,,,,,,,,,,,8011FAB8,,,,,,,
sKaleidoSetupKscpPos1,,,,,,,,,,,,,,,,,,,,,,,,,,,,,,,,,8011FAC8,,,,,,,
sKaleidoSetupEyeX1,,,,,,,,,,,,,,,,,,,,,,,,,,,,,,,,,8011FAD0,,,,,,,
sKaleidoSetupEyeZ1,,,,,,,,,,,,,,,,,,,,,,,,,,,,,,,,,8011FAE0,,,,,,,
sZBufValConversionTable,,,,,,,,,,,,,,,,,,,,,,,,,,,,,,,,,8011FAF0,,,,,,,
gWeatherMode,,,,,,,,,,,,,,,,,,,,,,,,,,,,,,,,,8011FB30,,,,,,,
gLightConfigAfterUnderwater,,,,,,,,,,,,,,,,,,,,,,,,,,,,,,,,,8011FB34,,,,,,,
gInterruptSongOfStorms,,,,,,,,,,,,,,,,,,,,,,,,,,,,,,,,,8011FB38,,,,,,,
gSkyboxIsChanging,,,,,,,,,,,,,,,,,,,,,,,,,,,,,,,,,8011FB3C,,,,,,,
gTimeSpeed,,,,,,,,,,,,,,,,,,,,,,,,,,,,,,,,,8011FB40,,,,,,,
sSunScreenDepth,,,,,,,,,,,,,,,,,,,,,,,,,,,,,,,,,8011FB44,,,,,,,
sTimeBasedLightConfigs,,,,,,,,,,,,,,,,,,,,,,,,,,,,,,,,,8011FB48,,,,,,,
gTimeBasedSkyboxConfigs,,,,,,,,,,,,,,,,,,,,,,,,,,,,,,,,,8011FC1C,,,,,,,
gNormalSkyFiles,,,,,,,,,,,,,,,,,,,,,,,,,,,,,,,,,8011FD3C,,,,,,,
sSandstormColorIndex,,,,,,,,,,,,,,,,,,,,,,,,,,,,,,,,,8011FDCC,,,,,,,
sNextSandstormColorIndex,,,,,,,,,,,,,,,,,,,,,,,,,,,,,,,,,8011FDD0,,,,,,,
sSandstormLerpScale,,,,,,,,,,,,,,,,,,,,,,,,,,,,,,,,,8011FDD4,,,,,,,
sLensFlareScales,,,,,,,,,,,,,,,,,,,,,,,,,,,,,,,,,8011FDD8,,,,,,,
sSandstormPrimColors,,,,,,,,,,,,,,,,,,,,,,,,,,,,,,,,,8011FEC4,,,,,,,
sSandstormEnvColors,,,,,,,,,,,,,,,,,,,,,,,,,,,,,,,,,8011FED0,,,,,,,
sInitChainHandlers,,,,,,,,,,,,,,,,,,,,,,,,,,,,,,,,,8011FEE0,,,,,,,
gZeldaArenaLogSeverity,,,,,,,,,,,,,,,,,,,,,,,,,,,,,,,,,80120040,,,,,,,
sFontColorRed,,,,,,,,,,,,,,,,,,,,,,,,,,,,,,,,,80120110,,,,,,,
sFontColorGreen,,,,,,,,,,,,,,,,,,,,,,,,,,,,,,,,,80120114,,,,,,,
sFontColorBlue,,,,,,,,,,,,,,,,,,,,,,,,,,,,,,,,,80120118,,,,,,,
sFontColorAlpha,,,,,,,,,,,,,,,,,,,,,,,,,,,,,,,,,8012011C,,,,,,,
sScreenPosX,,,,,,,,,,,,,,,,,,,,,,,,,,,,,,,,,80120120,,,,,,,
sScreenPosY,,,,,,,,,,,,,,,,,,,,,,,,,,,,,,,,,80120124,,,,,,,
sPlayerInitialPosX,,,,,,,,,,,,,,,,,,,,,,,,,,,,,,,,,80123A50,,,,,,,
sPlayerInitialPosZ,,,,,,,,,,,,,,,,,,,,,,,,,,,,,,,,,80123A54,,,,,,,
sPlayerInitialDirection,,,,,,,,,,,,,,,,,,,,,,,,,,,,,,,,,80123A58,,,,,,,
sEntranceIconMapIndex,,,,,,,,,,,,,,,,,,,,,,,,,,,,,,,,,80123A5C,,,,,,,
gMapDataTable,,,,,,,,,,,,,,,,,,,,,,,,,,,,,,,,,801257F8,,,,,,,
gSpoilingItems,,,,,,,,,,,,,,,,,,,,,,,,,,,,,,,,,80125A18,,,,,,,
gSpoilingItemReverts,,,,,,,,,,,,,,,,,,,,,,,,,,,,,,,,,80125A20,,,,,,,
gPlayerSkelHeaders,,,,,,,,,,,,,,,,,,,,,,,,,,,,,,,,,80125B70,,,,,,,
sBootData,,,,,,,,,,,,,,,,,,,,,,,,,,,,,,,,,80125B78,,,,,,,
sActionModelGroups,,,,,,,,,,,,,,,,,,,,,,,,,,,,,,,,,80125C44,,,,,,,
sEnvHazardTextTriggers,,,,,,,,,,,,,,,,,,,,,,,,,,,,,,,,,80125C88,,,,,,,
gPlayerModelTypes,,,,,,,,,,,,,,,,,,,,,,,,,,,,,,,,,80125C98,,,,,,,
sPlayerRightHandShieldDLs,,,,,,,,,,,,,,,,,,,,,,,,,,,,,,,,,80125CE8,,,,,,,
D_80125D28,,,,,,,,,,,,,,,,,,,,,,,,,,,,,,,,,80125D28,,,,,,,
D_80125D88,,,,,,,,,,,,,,,,,,,,,,,,,,,,,,,,,80125D88,,,,,,,
gPlayerLeftHandBgsDLs,,,,,,,,,,,,,,,,,,,,,,,,,,,,,,,,,80125DE8,,,,,,,
gPlayerLeftHandOpenDLs,,,,,,,,,,,,,,,,,,,,,,,,,,,,,,,,,80125E08,,,,,,,
gPlayerLeftHandClosedDLs,,,,,,,,,,,,,,,,,,,,,,,,,,,,,,,,,80125E18,,,,,,,
sPlayerLeftHandSwordDLs2,,,,,,,,,,,,,,,,,,,,,,,,,,,,,,,,,80125E28,,,,,,,
sPlayerLeftHandSwordDLs,,,,,,,,,,,,,,,,,,,,,,,,,,,,,,,,,80125E38,,,,,,,
sPlayerRightHandOpenDLs,,,,,,,,,,,,,,,,,,,,,,,,,,,,,,,,,80125E48,,,,,,,
sPlayerRightHandClosedDLs,,,,,,,,,,,,,,,,,,,,,,,,,,,,,,,,,80125E58,,,,,,,
sPlayerRightHandBowSlingshotDLs,,,,,,,,,,,,,,,,,,,,,,,,,,,,,,,,,80125E68,,,,,,,
D_80125E78,,,,,,,,,,,,,,,,,,,,,,,,,,,,,,,,,80125E78,,,,,,,
D_80125E88,,,,,,,,,,,,,,,,,,,,,,,,,,,,,,,,,80125E88,,,,,,,
sPlayerWaistDLs,,,,,,,,,,,,,,,,,,,,,,,,,,,,,,,,,80125E98,,,,,,,
sPlayerRightHandBowSlingshotDLs2,,,,,,,,,,,,,,,,,,,,,,,,,,,,,,,,,80125EA8,,,,,,,
sPlayerRightHandOcarinaDLs,,,,,,,,,,,,,,,,,,,,,,,,,,,,,,,,,80125EB8,,,,,,,
sPlayerRightHandOotDLs,,,,,,,,,,,,,,,,,,,,,,,,,,,,,,,,,80125EC8,,,,,,,
sPlayerRightHandHookshotDLs,,,,,,,,,,,,,,,,,,,,,,,,,,,,,,,,,80125ED8,,,,,,,
sPlayerLeftHandHammerDLs,,,,,,,,,,,,,,,,,,,,,,,,,,,,,,,,,80125EE8,,,,,,,
gPlayerLeftHandBoomerangDLs,,,,,,,,,,,,,,,,,,,,,,,,,,,,,,,,,80125EF8,,,,,,,
sPlayerLeftHandBottleDLs,,,,,,,,,,,,,,,,,,,,,,,,,,,,,,,,,80125F08,,,,,,,
sFirstPersonLeftForearmDLs,,,,,,,,,,,,,,,,,,,,,,,,,,,,,,,,,80125F18,,,,,,,
sFirstPersonLeftHandDLs,,,,,,,,,,,,,,,,,,,,,,,,,,,,,,,,,80125F20,,,,,,,
sFirstPersonRightShoulderDLs,,,,,,,,,,,,,,,,,,,,,,,,,,,,,,,,,80125F28,,,,,,,
sFirstPersonForearmDLs,,,,,,,,,,,,,,,,,,,,,,,,,,,,,,,,,80125F30,,,,,,,
sFirstPersonRightHandHoldingWeaponDLs,,,,,,,,,,,,,,,,,,,,,,,,,,,,,,,,,80125F38,,,,,,,
sPlayerDListGroups,,,,,,,,,,,,,,,,,,,,,,,,,,,,,,,,,80125F40,,,,,,,
gCullBackDList,,,,,,,,,,,,,,,,,,,,,,,,,,,,,,,,,80125F98,,,,,,,
gCullFrontDList,,,,,,,,,,,,,,,,,,,,,,,,,,,,,,,,,80125FA8,,,,,,,
sEyeMouthIndices,,,,,,,,,,,,,,,,,,,,,,,,,,,,,,,,,80125FB8,,,,,,,
sEyeTextures,,,,,,,,,,,,,,,,,,,,,,,,,,,,,,,,,80125FD8,,,,,,,
sMouthTextures,,,,,,,,,,,,,,,,,,,,,,,,,,,,,,,,,80125FF8,,,,,,,
sTunicColors,,,,,,,,,,,,,,,,,,,,,,,,,,,,,,,,,80126008,,,,,,,
sGauntletColors,,,,,,,,,,,,,,,,,,,,,,,,,,,,,,,,,80126014,,,,,,,
sBootDListGroups,,,,,,,,,,,,,,,,,,,,,,,,,,,,,,,,,8012601C,,,,,,,
sZeroVec,,,,,,,,,,,,,,,,,,,,,,,,,,,,,,,,,8012602C,,,,,,,
D_80126038,,,,,,,,,,,,,,,,,,,,,,,,,,,,,,,,,80126038,,,,,,,
D_80126050,,,,,,,,,,,,,,,,,,,,,,,,,,,,,,,,,80126050,,,,,,,
D_80126058,,,,,,,,,,,,,,,,,,,,,,,,,,,,,,,,,80126058,,,,,,,
D_80126060,,,,,,,,,,,,,,,,,,,,,,,,,,,,,,,,,80126060,,,,,,,
D_80126068,,,,,,,,,,,,,,,,,,,,,,,,,,,,,,,,,80126068,,,,,,,
D_80126070,,,,,,,,,,,,,,,,,,,,,,,,,,,,,,,,,80126070,,,,,,,
D_80126080,,,,,,,,,,,,,,,,,,,,,,,,,,,,,,,,,80126080,,,,,,,
D_8012608C,,,,,,,,,,,,,,,,,,,,,,,,,,,,,,,,,8012608C,,,,,,,
D_80126098,,,,,,,,,,,,,,,,,,,,,,,,,,,,,,,,,80126098,,,,,,,
D_801260A4,,,,,,,,,,,,,,,,,,,,,,,,,,,,,,,,,801260A4,,,,,,,
sPlayerFocusHeadLimbModelPos,,,,,,,,,,,,,,,,,,,,,,,,,,,,,,,,,801260D4,,,,,,,
sMeleeWeaponLengths,,,,,,,,,,,,,,,,,,,,,,,,,,,,,,,,,801260E0,,,,,,,
sBottleDLists,,,,,,,,,,,,,,,,,,,,,,,,,,,,,,,,,801260F8,,,,,,,
sBottleColors,,,,,,,,,,,,,,,,,,,,,,,,,,,,,,,,,80126100,,,,,,,
D_80126128,,,,,,,,,,,,,,,,,,,,,,,,,,,,,,,,,80126128,,,,,,,
sBowSlingshotStringData,,,,,,,,,,,,,,,,,,,,,,,,,,,,,,,,,80126134,,,,,,,
sRightHandLimbModelShieldQuadVertices,,,,,,,,,,,,,,,,,,,,,,,,,,,,,,,,,80126154,,,,,,,
D_80126184,,,,,,,,,,,,,,,,,,,,,,,,,,,,,,,,,80126184,,,,,,,
D_80126190,,,,,,,,,,,,,,,,,,,,,,,,,,,,,,,,,80126190,,,,,,,
sSheathLimbModelShieldQuadVertices,,,,,,,,,,,,,,,,,,,,,,,,,,,,,,,,,8012619C,,,,,,,
sSheathLimbModelShieldOnBackPos,,,,,,,,,,,,,,,,,,,,,,,,,,,,,,,,,801261CC,,,,,,,
sSheathLimbModelShieldOnBackZyxRot,,,,,,,,,,,,,,,,,,,,,,,,,,,,,,,,,801261D8,,,,,,,
sLeftRightFootLimbModelFootPos,,,,,,,,,,,,,,,,,,,,,,,,,,,,,,,,,801261E0,,,,,,,
sPauseModelGroupBySword,,,,,,,,,,,,,,,,,,,,,,,,,,,,,,,,,801261F8,,,,,,,
sQuakeUnused,,,,,,,,,,,,,,,,,,,,,,,,,,,,,,,,,80126250,,,,,,,
sQuakeRequestCount,,,,,,,,,,,,,,,,,,,,,,,,,,,,,,,,,80126254,,,,,,,
sQuakeCallbacks,,,,,,,,,,,,,,,,,,,,,,,,,,,,,,,,,80126258,,,,,,,
sSetupDL,,,,,,,,,,,,,,,,,,,,,,,,,,,,,,,,,80126280,,,,,,,
sFillSetupDL,,,,,,,,,,,,,,,,,,,,,,,,,,,,,,,,,80126FD0,,,,,,,
D_80127030,,,,,,,,,,,,,,,,,,,,,,,,,,,,,,,,,80127030,,,,,,,
D_80127060,,,,,,,,,,,,,,,,,,,,,,,,,,,,,,,,,80127060,,,,,,,
gEmptyDL,,,,,,,,,,,,,,,,,,,,,,,,,,,,,,,,,80127098,,,,,,,
D_801270A0,,,,,,,,,,,,,,,,,,,,,,,,,,,,,,,,,801270A0,,,,,,,
D_801270B0,,,,,,,,,,,,,,,,,,,,,,,,,,,,,,,,,801270B0,,,,,,,
sRoomDrawHandlers,,,,,,,,,,,,,,,,,,,,,,,,,,,,,,,,,80127110,,,,,,,
gBitFlags,,,,,,,,,,,,,,,,,,,,,,,,,,,,,,,,,80127120,,,,,,,
gEquipMasks,,,,,,,,,,,,,,,,,,,,,,,,,,,,,,,,,801271A0,,,,,,,
gEquipNegMasks,,,,,,,,,,,,,,,,,,,,,,,,,,,,,,,,,801271A8,,,,,,,
gUpgradeMasks,,,,,,,,,,,,,,,,,,,,,,,,,,,,,,,,,801271B0,,,,,,,
gUpgradeNegMasks,,,,,,,,,,,,,,,,,,,,,,,,,,,,,,,,,801271D0,,,,,,,
gEquipShifts,,,,,,,,,,,,,,,,,,,,,,,,,,,,,,,,,801271F0,,,,,,,
gUpgradeShifts,,,,,,,,,,,,,,,,,,,,,,,,,,,,,,,,,801271F4,,,,,,,
gUpgradeCapacities,u16,,,,800F8CCC,0x40,,,,,,,,,,,,,,,,,,,,,,,,,,,801271FC,,,,,,,
gGsFlagsMasks,,,,,,,,,,,,,,,,,,,,,,,,,,,,,,,,,8012723C,,,,,,,
gGsFlagsShifts,,,,,,,,,,,,,,,,,,,,,,,,,,,,,,,,,8012724C,,,,,,,
gItemIcons,,,,,,,,,,,,,,,,,,,,,,,,,,,,,,,,,8012725C,,,,,,,
gItemSlots,,,,,800F8F34,,,,,,,,,,,,,,,,,,,,,,,,,,,,80127464,3C,,,,,,
gSceneCmdHandlers,,,,,,,,,,,,,,,,,,,,,,,,,,,,,,,,,801274A0,,,,,,,
sNaviQuestHintFiles,,,,,,,,,,,,,,,,,,,,,,,,,,,,,,,,,80127508,,,,,,,
gLinkObjectIds,,,,,,,,,800F9640,,,,,,,,,,,,,,,,,,,,,,,,80127520,,,,,,,
gObjectTableSize,,,,,,,,,800F9644,,,,,,,,,,,,,,,,,,,,,,,,80127524,,,,,,,
gObjectTable,,,,,,,,,800F9648,,,,,,,,,,,,,,,,,,,,,,,,80127528,,,,,,,
gEntranceTable,,,,,,,,,,,,,,,,,,,,,,,,,,,,,,,,,801281C0,,,,,,,
gSceneTable,,,,,,,,,,,,,,,,,,,,,,,,,,,,,,,,,80129A10,,,,,,,
sDefaultDisplayList,,,,,,,,,,,,,,,,,,,,,,,,,,,,,,,,,8012A2A8,,,,,,,
D_8012A2F8,,,,,,,,,,,,,,,,,,,,,,,,,,,,,,,,,8012A2F8,,,,,,,
gDCEntranceTextures,,,,,,,,,,,,,,,,,,,,,,,,,,,,,,,,,8012A300,,,,,,,
sDCLavaFloorTextures,,,,,,,,,,,,,,,,,,,,,,,,,,,,,,,,,8012A308,,,,,,,
sThievesHideoutEntranceTextures,,,,,,,,,,,,,,,,,,,,,,,,,,,,,,,,,8012A328,,,,,,,
D_8012A330,,,,,,,,,,,,,,,,,,,,,,,,,,,,,,,,,8012A330,,,,,,,
sIceCavernEntranceTextures,,,,,,,,,,,,,,,,,,,,,,,,,,,,,,,,,8012A338,,,,,,,
sGTGEntranceTextures,,,,,,,,,,,,,,,,,,,,,,,,,,,,,,,,,8012A340,,,,,,,
sLonLonHouseEntranceTextures,,,,,,,,,,,,,,,,,,,,,,,,,,,,,,,,,8012A348,,,,,,,
sGuardHouseView2Textures,,,,,,,,,,,,,,,,,,,,,,,,,,,,,,,,,8012A350,,,,,,,
sGuardHouseView1Textures,,,,,,,,,,,,,,,,,,,,,,,,,,,,,,,,,8012A358,,,,,,,
sForestTempleEntranceTextures,,,,,,,,,,,,,,,,,,,,,,,,,,,,,,,,,8012A360,,,,,,,
sSpiritTempleEntranceTextures,,,,,,,,,,,,,,,,,,,,,,,,,,,,,,,,,8012A368,,,,,,,
sKakarikoWindowTextures,,,,,,,,,,,,,,,,,,,,,,,,,,,,,,,,,8012A370,,,,,,,
sZorasDomainEntranceTextures,,,,,,,,,,,,,,,,,,,,,,,,,,,,,,,,,8012A378,,,,,,,
D_8012A380,,,,,,,,,,,,,,,,,,,,,,,,,,,,,,,,,8012A380,,,,,,,
sGoronCityEntranceTextures,,,,,,,,,,,,,,,,,,,,,,,,,,,,,,,,,8012A388,,,,,,,
sLonLonRanchWindowTextures,,,,,,,,,,,,,,,,,,,,,,,,,,,,,,,,,8012A390,,,,,,,
D_8012A398,,,,,,,,,,,,,,,,,,,,,,,,,,,,,,,,,8012A398,,,,,,,
sSceneDrawConfigs,,,,,,,,,,,,,,,,,,,,,,,,,,,,,,,,,8012A3A4,,,,,,,
sMtxFClear,,,,,,,,,,,,,,,,,,,,,,,,,,,,,,,,,8012A4A0,,,,,,,
gSramSlotOffsets,u16,,,,,,,,,,800FC550,C,,,800FA820,C,,,,,,,,,,,,,,,,,8012A4E0,,,,,,,
sSsSramContext,,,,,,,,,,,,,,,,,,,,,,,,,,,,,,,,,8012A690,,,,,,,
gMojiFontTLUTs,,,,,,,,,,,,,,,,,,,,,,,,,,,,,,,,,8012A740,,,,,,,
gMojiFontTex,,,,,,,,,,,,,,,,,,,,,,,,,,,,,,,,,8012A7C0,,,,,,,
D_8012ABC0,,,,,,,,,,,,,,,,,,,,,,,,,,,,,,,,,8012ABC0,,,,,,,
sLogOnNextViewInit,,,,,,,,,,,,,,,,,,,,,,,,,,,,,,,,,8012ABF0,,,,,,,
D_8012AC00,,,,,,,,,,,,,,,,,,,,,,,,,,,,,,,,,8012AC00,,,,,,,
D_8012AC28,,,,,,,,,,,,,,,,,,,,,,,,,,,,,,,,,8012AC28,,,,,,,
D_8012AC40,,,,,,,,,,,,,,,,,,,,,,,,,,,,,,,,,8012AC40,,,,,,,
D_8012AC58,,,,,,,,,,,,,,,,,,,,,,,,,,,,,,,,,8012AC58,,,,,,,
sSkybox256TexOffsets,,,,,,,,,,,,,,,,,,,,,,,,,,,,,,,,,8012AC90,,,,,,,
sSkybox256VtxBufIndices,,,,,,,,,,,,,,,,,,,,,,,,,,,,,,,,,8012ACA0,,,,,,,
sSkybox256TexSCoords,,,,,,,,,,,,,,,,,,,,,,,,,,,,,,,,,8012AD20,,,,,,,
sSkybox256TexTCoords,,,,,,,,,,,,,,,,,,,,,,,,,,,,,,,,,8012AD2C,,,,,,,
sSkybox256VtxIndices,,,,,,,,,,,,,,,,,,,,,,,,,,,,,,,,,8012AD40,,,,,,,
sSkybox128TexOffsets,,,,,,,,,,,,,,,,,,,,,,,,,,,,,,,,,8012ADC0,,,,,,,
sSkybox128VtxBufIndices,,,,,,,,,,,,,,,,,,,,,,,,,,,,,,,,,8012ADD8,,,,,,,
sSkybox128TexSCoords,,,,,,,,,,,,,,,,,,,,,,,,,,,,,,,,,8012AE18,,,,,,,
sSkybox128TexTCoordsXZ,,,,,,,,,,,,,,,,,,,,,,,,,,,,,,,,,8012AE24,,,,,,,
sSkybox128TexTCoords,,,,,,,,,,,,,,,,,,,,,,,,,,,,,,,,,8012AE30,,,,,,,
sSkybox128VtxIndices,,,,,,,,,,,,,,,,,,,,,,,,,,,,,,,,,8012AE3C,,,,,,,
sSkybox256FaceParams,,,,,,,,,,,,,,,,,,,,,,,,,,,,,,,,,8012AEBC,,,,,,,
sSkybox128FaceParams,,,,,,,,,,,,,,,,,,,,,,,,,,,,,,,,,8012AF0C,,,,,,,
Player_InitVars,,,,,,,,,,,800FCB80,20,,,,,,,,,,,,,,,,,,,,,8012AF90,,,,,,,
sTransTileBackgroundDL,,,,,,,,,,,,,,,,,,,,,,,,,,,,,,,,,8012AFB0,,,,,,,
sTransTileSetupDL,,,,,,,,,,,,,,,,,,,,,,,,,,,,,,,,,8012B000,,,,,,,
sTransTriforceDL,,,,,,,,,,,,,,,,,,,,,,,,,,,,,,,,,8012B030,,,,,,,
sTransTriforceVtx,,,,,,,,,,,,,,,,,,,,,,,,,,,,,,,,,8012B060,,,,,,,
sTransWipeVtx,,,,,,,,,,,,,,,,,,,,,,,,,,,,,,,,,8012B100,,,,,,,
sTransWipeTex,,,,,,,,,,,,,,,,,,,,,,,,,,,,,,,,,8012B290,,,,,,,
sTransWipeDL,,,,,,,,,,,,,,,,,,,,,,,,,,,,,,,,,8012BA90,,,,,,,
sTransWipeSyncDL,,,,,,,,,,,,,,,,,,,,,,,,,,,,,,,,,8012BB88,,,,,,,
sTransCircleEmptyDL,,,,,,,,,,,,,,,,,,,,,,,,,,,,,,,,,8012BBA0,,,,,,,
sTransCircleNormalTex,,,,,,,,,,,,,,,,,,,,,,,,,,,,,,,,,8012BBA8,,,,,,,
sTransCircleWaveTex,,,,,,,,,,,,,,,,,,,,,,,,,,,,,,,,,8012BFA8,,,,,,,
sTransCircleRippleTex,,,,,,,,,,,,,,,,,,,,,,,,,,,,,,,,,8012C3A8,,,,,,,
sTransCircleStarburstTex,,,,,,,,,,,,,,,,,,,,,,,,,,,,,,,,,8012C7A8,,,,,,,
sTransCircleVtx,,,,,,,,,,,,,,,,,,,,,,,,,,,,,,,,,8012CBA8,,,,,,,
sTransCircleDL,,,,,,,,,,,,,,,,,,,,,,,,,,,,,,,,,8012CDC8,,,,,,,
sLetterboxState,,,,,,,,,,,,,,,,,,,,,,,,,,,,,,,,,8012CED0,,,,,,,
sLetterboxSizeTarget,,,,,,,,,,,,,,,,,,,,,,,,,,,,,,,,,8012CED4,,,,,,,
sLetterboxSize,,,,,,,,,,,,,,,,,,,,,,,,,,,,,,,,,8012CED8,,,,,,,
D_8012CEE0,,,,,,,,,,,,,,,,,,,,,,,,,,,,,,,,,8012CEE0,,,,,,,
D_8012CEE4,,,,,,,,,,,,,,,,,,,,,,,,,,,,,,,,,8012CEE4,,,,,,,
D_8012CEE8,,,,,,,,,,,,,,,,,,,,,,,,,,,,,,,,,8012CEE8,,,,,,,
D_8012CEEC,,,,,,,,,,,,,,,,,,,,,,,,,,,,,,,,,8012CEEC,,,,,,,
D_8012CEF0,,,,,,,,,,,,,,,,,,,,,,,,,,,,,,,,,8012CEF0,,,,,,,
D_8012CEF4,,,,,,,,,,,,,,,,,,,,,,,,,,,,,,,,,8012CEF4,,,,,,,
D_8012CEF8,,,,,,,,,,,,,,,,,,,,,,,,,,,,,,,,,8012CEF8,,,,,,,
D_8012CF04,,,,,,,,,,,,,,,,,,,,,,,,,,,,,,,,,8012CF04,,,,,,,
D_8012CF08,,,,,,,,,,,,,,,,,,,,,,,,,,,,,,,,,8012CF08,,,,,,,
D_8012CF0C,,,,,,,,,,,,,,,,,,,,,,,,,,,,,,,,,8012CF0C,,,,,,,
D_8012CF10,,,,,,,,,,,,,,,,,,,,,,,,,,,,,,,,,8012CF10,,,,,,,
D_8012CF14,,,,,,,,,,,,,,,,,,,,,,,,,,,,,,,,,8012CF14,,,,,,,
D_8012CF18,,,,,,,,,,,,,,,,,,,,,,,,,,,,,,,,,8012CF18,,,,,,,
D_8012CF24,,,,,,,,,,,,,,,,,,,,,,,,,,,,,,,,,8012CF24,,,,,,,
D_8012CF30,,,,,,,,,,,,,,,,,,,,,,,,,,,,,,,,,8012CF30,,,,,,,
D_8012CF34,,,,,,,,,,,,,,,,,,,,,,,,,,,,,,,,,8012CF34,,,,,,,
D_8012CF38,,,,,,,,,,,,,,,,,,,,,,,,,,,,,,,,,8012CF38,,,,,,,
D_8012CF3C,,,,,,,,,,,,,,,,,,,,,,,,,,,,,,,,,8012CF3C,,,,,,,
D_8012CF40,,,,,,,,,,,,,,,,,,,,,,,,,,,,,,,,,8012CF40,,,,,,,
D_8012CF44,,,,,,,,,,,,,,,,,,,,,,,,,,,,,,,,,8012CF44,,,,,,,
D_8012CF48,,,,,,,,,,,,,,,,,,,,,,,,,,,,,,,,,8012CF48,,,,,,,
D_8012CF4C,,,,,,,,,,,,,,,,,,,,,,,,,,,,,,,,,8012CF4C,,,,,,,
D_8012CF50,,,,,,,,,,,,,,,,,,,,,,,,,,,,,,,,,8012CF50,,,,,,,
D_8012CF60,,,,,,,,,,,,,,,,,,,,,,,,,,,,,,,,,8012CF60,,,,,,,
D_8012CF64,,,,,,,,,,,,,,,,,,,,,,,,,,,,,,,,,8012CF64,,,,,,,
D_8012CF68,,,,,,,,,,,,,,,,,,,,,,,,,,,,,,,,,8012CF68,,,,,,,
D_8012CF6C,,,,,,,,,,,,,,,,,,,,,,,,,,,,,,,,,8012CF6C,,,,,,,
D_8012CF70,,,,,,,,,,,,,,,,,,,,,,,,,,,,,,,,,8012CF70,,,,,,,
D_8012CF74,,,,,,,,,,,,,,,,,,,,,,,,,,,,,,,,,8012CF74,,,,,,,
D_8012CF78,,,,,,,,,,,,,,,,,,,,,,,,,,,,,,,,,8012CF78,,,,,,,
D_8012CF7C,,,,,,,,,,,,,,,,,,,,,,,,,,,,,,,,,8012CF7C,,,,,,,
D_8012CF80,,,,,,,,,,,,,,,,,,,,,,,,,,,,,,,,,8012CF80,,,,,,,
D_8012CF84,,,,,,,,,,,,,,,,,,,,,,,,,,,,,,,,,8012CF84,,,,,,,
D_8012CF88,,,,,,,,,,,,,,,,,,,,,,,,,,,,,,,,,8012CF88,,,,,,,
D_8012CF94,,,,,,,,,,,,,,,,,,,,,,,,,,,,,,,,,8012CF94,,,,,,,
D_8012CF98,,,,,,,,,,,,,,,,,,,,,,,,,,,,,,,,,8012CF98,,,,,,,
D_8012CF9C,,,,,,,,,,,,,,,,,,,,,,,,,,,,,,,,,8012CF9C,,,,,,,
D_8012CFA4,,,,,,,,,,,,,,,,,,,,,,,,,,,,,,,,,8012CFA4,,,,,,,
D_8012CFA8,,,,,,,,,,,,,,,,,,,,,,,,,,,,,,,,,8012CFA8,,,,,,,
D_8012CFAC,,,,,,,,,,,,,,,,,,,,,,,,,,,,,,,,,8012CFAC,,,,,,,
D_8012CFB0,,,,,,,,,,,,,,,,,,,,,,,,,,,,,,,,,8012CFB0,,,,,,,
D_8012CFB4,,,,,,,,,,,,,,,,,,,,,,,,,,,,,,,,,8012CFB4,,,,,,,
D_8012CFC4,,,,,,,,,,,,,,,,,,,,,,,,,,,,,,,,,8012CFC4,,,,,,,
D_8012CFD0,,,,,,,,,,,,,,,,,,,,,,,,,,,,,,,,,8012CFD0,,,,,,,
D_8012CFE4,,,,,,,,,,,,,,,,,,,,,,,,,,,,,,,,,8012CFE4,,,,,,,
D_8012CFF8,,,,,,,,,,,,,,,,,,,,,,,,,,,,,,,,,8012CFF8,,,,,,,
D_8012D00C,,,,,,,,,,,,,,,,,,,,,,,,,,,,,,,,,8012D00C,,,,,,,
D_8012D020,,,,,,,,,,,,,,,,,,,,,,,,,,,,,,,,,8012D020,,,,,,,
D_8012D034,,,,,,,,,,,,,,,,,,,,,,,,,,,,,,,,,8012D034,,,,,,,
D_8012D048,,,,,,,,,,,,,,,,,,,,,,,,,,,,,,,,,8012D048,,,,,,,
D_8012D05C,,,,,,,,,,,,,,,,,,,,,,,,,,,,,,,,,8012D05C,,,,,,,
D_8012D070,,,,,,,,,,,,,,,,,,,,,,,,,,,,,,,,,8012D070,,,,,,,
D_8012D084,,,,,,,,,,,,,,,,,,,,,,,,,,,,,,,,,8012D084,,,,,,,
D_8012D098,,,,,,,,,,,,,,,,,,,,,,,,,,,,,,,,,8012D098,,,,,,,
D_8012D0AC,,,,,,,,,,,,,,,,,,,,,,,,,,,,,,,,,8012D0AC,,,,,,,
D_8012D0C0,,,,,,,,,,,,,,,,,,,,,,,,,,,,,,,,,8012D0C0,,,,,,,
D_8012D0D4,,,,,,,,,,,,,,,,,,,,,,,,,,,,,,,,,8012D0D4,,,,,,,
D_8012D0E4,,,,,,,,,,,,,,,,,,,,,,,,,,,,,,,,,8012D0E4,,,,,,,
D_8012D0F8,,,,,,,,,,,,,,,,,,,,,,,,,,,,,,,,,8012D0F8,,,,,,,
D_8012D114,,,,,,,,,,,,,,,,,,,,,,,,,,,,,,,,,8012D114,,,,,,,
D_8012D128,,,,,,,,,,,,,,,,,,,,,,,,,,,,,,,,,8012D128,,,,,,,
D_8012D13C,,,,,,,,,,,,,,,,,,,,,,,,,,,,,,,,,8012D13C,,,,,,,
sMempakCompanyCode,,,,,,,,,,,,,,,,,,,,,,,,,,,,,,,,,8012D180,,,,,,,
sMempakGameCode,,,,,,,,,,,,,,,,,,,,,,,,,,,,,,,,,8012D184,,,,,,,
sMempakGameName,,,,,,,,,,,,,,,,,,,,,,,,,,,,,,,,,8012D188,,,,,,,
sMempakExtName,,,,,,,,,,,,,,,,,,,,,,,,,,,,,,,,,8012D198,,,,,,,
gKaleidoMgrOverlayTable,KaleidoMgrOverlay,,,,,,,,,,800FEAD0,38,,,,,,,,,,,,,,,,,,,,,8012D1A0,38,,,,,,
sKaleidoAreaPtr,void*,,,,,,,,,,,,,,,,,,,,,,,,,,,,,,,,8012D1D8,4,,,,,,
gKaleidoMgrCurOvl,KaleidoMgrOverlay*,,,,,,,,,,,,,,,,,,,,,,,,,,,,,,,,8012D1DC,4,,,,,,
gBossMarkState,u8,,,,,,,,,,,,,,,,,,,,,,,,,,,,,,,,8012D1E0,1,,,,,,
gDebugCutsceneScript,,,,,,,,,,,,,,,,,,,,,,,,,,,,,,,,,8012D1F0,,,,,,,
D_8012D1F4,,,,,,,,,,,,,,,,,,,,,,,,,,,,,,,,,8012D1F4,,,,,,,
D_8012D1F8,,,,,,,,,,,,,,,,,,,,,,,,,,,,,,,,,8012D1F8,,,,,,,
sSfxBankIds,,,,,,,,,,,,,,,,,,,,,,,,,,,,,,,,,8012D200,,,,,,,
D_8012D230,,,,,,,,,,,,,,,,,,,,,,,,,,,,,,,,,8012D230,,,,,,,
D_8012D248,,,,,,,,,,,,,,,,,,,,,,,,,,,,,,,,,8012D248,,,,,,,
gScreenWidth,s32,,,,,,,,,,800FEB50,4,,,,,,,,,,,,,,,,,,,,,8012D270,4,,,,,,
gScreenHeight,s32,,,,,,,,,,800FEB54,4,,,,,,,,,,,,,,,,,,,,,8012D274,4,,,,,,
gSystemHeapSize,u32,,,,,,,,,,800FEB58,4,,,,,,,,,,,,,,,,,,,,,8012D278,4,,,,,,
gPadMgrLogSeverity,,,,,,,,,,,,,,,,,,,,,,,,,,,,,,,,,8012D280,,,,,,,
sLogScheduler,,,,,,,,,,,,,,,,,,,,,,,,,,,,,,,,,8012D290,,,,,,,
sSpeedMeterTimeEntryArray,,,,,,,,,,,,,,,,,,,,,,,,,,,,,,,,,8012D2A0,,,,,,,
sFactorialTbl,,,,,,,,,,,,,,,,,,,,,,,,,,,,,,,,,8012D2D0,,,,,,,
gMtxClear,,,,,,,,,,,,,,,,,,,,,,,,,,,,,,,,,8012DB20,,,,,,,
gMtxFClear,,,,,,,,,,,,,,,,,,,,,,,,,,,,,,,,,8012DB60,,,,,,,
sDefaultGSPUCodeText,,,,,,,,,,,,,,,,,,,,,,,,,,,,,,,,,8012DBA0,,,,,,,
sDefaultGSPUCodeData,,,,,,,,,,,,,,,,,,,,,,,,,,,,,,,,,8012DBA4,,,,,,,
gIsCtrlr2Valid,,,,,,,,,,,,,,,,,,,,,,,,,,,,,,,,,8012DBC0,,,,,,,
gIrqMgrResetStatus,,,,,,,,,,,,,,,,,,,,,,,,,,,,,,,,,8012DBD0,,,,,,,
sIrqMgrResetTime,,,,,,,,,,,,,,,,,,,,,,,,,,,,,,,,,8012DBD8,,,,,,,
gIrqMgrRetraceTime,,,,,,,,,,,,,,,,,,,,,,,,,,,,,,,,,8012DBE0,,,,,,,
sIrqMgrRetraceCount,,,,,,,,,,,,,,,,,,,,,,,,,,,,,,,,,8012DBE8,,,,,,,
gDebugArenaLogSeverity,,,,,,,,,,,,,,,,,,,,,,,,,,,,,,,,,8012DBF0,,,,,,,
sExceptionNames,,,,,,,,,,,,,,,,,,,,,,,,,,,,,,,,,8012DC00,,,,,,,
sFpExceptionNames,,,,,,,,,,,,,,,,,,,,,,,,,,,,,,,,,8012DC48,,,,,,,
sFaultDrawerDefault,,,,,,,,,,,,,,,,,,,,,,,,,,,,,,,,,8012DC60,,,,,,,
sUCodeDisasGeometryModes,,,,,,,,,,,,,,,,,,,,,,,,,,,,,,,,,8012DCA0,,,,,,,
sUCodeDisasMtxFlags,,,,,,,,,,,,,,,,,,,,,,,,,,,,,,,,,8012DCF8,,,,,,,
gSawtoothWaveSample,,,,,,,,,,,,,,,,,,,,,,,,,,,,,,,,,8012E090,,,,,,,
gTriangleWaveSample,,,,,,,,,,,,,,,,,,,,,,,,,,,,,,,,,8012E290,,,,,,,
gSineWaveSample,,,,,,,,,,,,,,,,,,,,,,,,,,,,,,,,,8012E490,,,,,,,
gSquareWaveSample,,,,,,,,,,,,,,,,,,,,,,,,,,,,,,,,,8012E690,,,,,,,
gWhiteNoiseSample,,,,,,,,,,,,,,,,,,,,,,,,,,,,,,,,,8012E890,,,,,,,
D_8012EA90,,,,,,,,,,,,,,,,,,,,,,,,,,,,,,,,,8012EA90,,,,,,,
gEighthPulseWaveSample,,,,,,,,,,,,,,,,,,,,,,,,,,,,,,,,,8012EC90,,,,,,,
gQuarterPulseWaveSample,,,,,,,,,,,,,,,,,,,,,,,,,,,,,,,,,8012EE90,,,,,,,
gWaveSamples,,,,,,,,,,,,,,,,,,,,,,,,,,,,,,,,,8012F090,,,,,,,
gBendPitchOneOctaveFrequencies,,,,,,,,,,,,,,,,,,,,,,,,,,,,,,,,,8012F0B4,,,,,,,
gBendPitchTwoSemitonesFrequencies,,,,,,,,,,,,,,,,,,,,,,,,,,,,,,,,,8012F4B4,,,,,,,
gPitchFrequencies,,,,,,,,,,,,,,,,,,,,,,,,,,,,,,,,,8012F8B4,,,,,,,
gDefaultShortNoteVelocityTable,,,,,,,,,,,,,,,,,,,,,,,,,,,,,,,,,8012FAB4,,,,,,,
gDefaultShortNoteGateTimeTable,,,,,,,,,,,,,,,,,,,,,,,,,,,,,,,,,8012FAC4,,,,,,,
gDefaultEnvelope,,,,,,,,,,,,,,,,,,,,,,,,,,,,,,,,,8012FAD4,,,,,,,
gZeroNoteSub,,,,,,,,,,,,,,,,,,,,,,,,,,,,,,,,,8012FAE4,,,,,,,
gDefaultNoteSub,,,,,,,,,,,,,,,,,,,,,,,,,,,,,,,,,8012FB04,,,,,,,
gHaasEffectDelaySizes,,,,,,,,,,,,,,,,,,,,,,,,,,,,,,,,,8012FB24,,,,,,,
D_8012FBA4,,,,,,,,,,,,,,,,,,,,,,,,,,,,,,,,,8012FBA4,,,,,,,
D_8012FBA8,,,,,,,,,,,,,,,,,,,,,,,,,,,,,,,,,8012FBA8,,,,,,,
gHeadsetPanVolume,,,,,,,,,,,,,,,,,,,,,,,,,,,,,,,,,8012FC28,,,,,,,
gStereoPanVolume,,,,,,,,,,,,,,,,,,,,,,,,,,,,,,,,,8012FE28,,,,,,,
gDefaultPanVolume,,,,,,,,,,,,,,,,,,,,,,,,,,,,,,,,,80130028,,,,,,,
gLowPassFilterData,,,,,,,,,,,,,,,,,,,,,,,,,,,,,,,,,80130228,,,,,,,
gHighPassFilterData,,,,,,,,,,,,,,,,,,,,,,,,,,,,,,,,,80130328,,,,,,,
D_80130418,,,,,,,,,,,,,,,,,,,,,,,,,,,,,,,,,80130418,,,,,,,
sEnvMixerOp,,,,,,,,,,,,,,,,,,,,,,,,,,,,,,,,,801304A0,,,,,,,
sEnvMixerLeftHaasDmemDests,,,,,,,,,,,,,,,,,,,,,,,,,,,,,,,,,801304A4,,,,,,,
sEnvMixerRightHaasDmemDests,,,,,,,,,,,,,,,,,,,,,,,,,,,,,,,,,801304A8,,,,,,,
sEnvMixerDefaultDmemDests,,,,,,,,,,,,,,,,,,,,,,,,,,,,,,,,,801304AC,,,,,,,
D_801304B0,,,,,,,,,,,,,,,,,,,,,,,,,,,,,,,,,801304B0,,,,,,,
sNumSamplesPerWavePeriod,,,,,,,,,,,,,,,,,,,,,,,,,,,,,,,,,801304C0,,,,,,,
sDmaHandler,,,,,,,,,,,,,,,,,,,,,,,,,,,,,,,,,801304D0,,,,,,,
sUnusedHandler,,,,,,,,,,,,,,,,,,,,,,,,,,,,,,,,,801304D4,,,,,,,
gAudioContextInitialized,,,,,,,,,,,,,,,,,,,,,,,,,,,,,,,,,801304D8,,,,,,,
sSeqInstructionArgsTable,,,,,,,,,,,,,,,,,,,,,,,,,,,,,,,,,80130520,,,,,,,
gIsLargeSfxBank,,,,,,,,,,,,,,,,,,,,,,,,,,,,,,,,,80130570,,,,,,,
gChannelsPerBank,,,,,,,,,,,,,,,,,,,,,,,,,,,,,,,,,80130578,,,,,,,
gUsedChannelsPerBank,,,,,,,,,,,,,,,,,,,,,,,,,,,,,,,,,80130594,,,,,,,
D_801305B0,,,,,,,,,,,,,,,,,,,,,,,,,,,,,,,,,801305B0,,,,,,,
D_801305B4,,,,,,,,,,,,,,,,,,,,,,,,,,,,,,,,,801305B4,,,,,,,
D_801305B8,,,,,,,,,,,,,,,,,,,,,,,,,,,,,,,,,801305B8,,,,,,,
D_801305BC,,,,,,,,,,,,,,,,,,,,,,,,,,,,,,,,,801305BC,,,,,,,
D_801305C0,,,,,,,,,,,,,,,,,,,,,,,,,,,,,,,,,801305C0,,,,,,,
sBehindScreenZ,,,,,,,,,,,,,,,,,,,,,,,,,,,,,,,,,801305C4,,,,,,,
sAudioIncreasingTranspose,,,,,,,,,,,,,,,,,,,,,,,,,,,,,,,,,801305CC,,,,,,,
gMorphaTransposeTable,,,,,,,,,,,,,,,,,,,,,,,,,,,,,,,,,801305D0,,,,,,,
sPrevChargeLevel,,,,,,,,,,,,,,,,,,,,,,,,,,,,,,,,,801305E0,,,,,,,
D_801305E4,,,,,,,,,,,,,,,,,,,,,,,,,,,,,,,,,801305E4,,,,,,,
D_801305F4,,,,,,,,,,,,,,,,,,,,,,,,,,,,,,,,,801305F4,,,,,,,
sGanonsTowerLevelsVol,,,,,,,,,,,,,,,,,,,,,,,,,,,,,,,,,801305F8,,,,,,,
sEnterGanonsTowerTimer,,,,,,,,,,,,,,,,,,,,,,,,,,,,,,,,,80130600,,,,,,,
sSoundMode,,,,,,,,,,,,,,,,,,,,,,,,,,,,,,,,,80130604,,,,,,,
D_80130608,,,,,,,,,,,,,,,,,,,,,,,,,,,,,,,,,80130608,,,,,,,
sAudioCutsceneFlag,,,,,,,,,,,,,,,,,,,,,,,,,,,,,,,,,8013060C,,,,,,,
sSpecReverb,,,,,,,,,,,,,,,,,,,,,,,,,,,,,,,,,80130610,,,,,,,
sAudioEnvReverb,,,,,,,,,,,,,,,,,,,,,,,,,,,,,,,,,80130614,,,,,,,
sAudioCodeReverb,,,,,,,,,,,,,,,,,,,,,,,,,,,,,,,,,80130618,,,,,,,
sPrevSeqMode,,,,,,,,,,,,,,,,,,,,,,,,,,,,,,,,,8013061C,,,,,,,
sAudioEnemyDist,,,,,,,,,,,,,,,,,,,,,,,,,,,,,,,,,80130620,,,,,,,
sAudioEnemyVol,,,,,,,,,,,,,,,,,,,,,,,,,,,,,,,,,80130624,,,,,,,
sPrevMainBgmSeqId,,,,,,,,,,,,,,,,,,,,,,,,,,,,,,,,,80130628,,,,,,,
sSeqResumePoint,,,,,,,,,,,,,,,,,,,,,,,,,,,,,,,,,8013062C,,,,,,,
sPrevSceneSeqId,,,,,,,,,,,,,,,,,,,,,,,,,,,,,,,,,80130630,,,,,,,
sNumFramesStill,,,,,,,,,,,,,,,,,,,,,,,,,,,,,,,,,80130634,,,,,,,
sNumFramesMoving,,,,,,,,,,,,,,,,,,,,,,,,,,,,,,,,,80130638,,,,,,,
sAudioBaseFilter,,,,,,,,,,,,,,,,,,,,,,,,,,,,,,,,,8013063C,,,,,,,
sAudioExtraFilter,,,,,,,,,,,,,,,,,,,,,,,,,,,,,,,,,80130640,,,,,,,
sAudioBaseFilter2,,,,,,,,,,,,,,,,,,,,,,,,,,,,,,,,,80130644,,,,,,,
sAudioExtraFilter2,,,,,,,,,,,,,,,,,,,,,,,,,,,,,,,,,80130648,,,,,,,
sSariaBgmPtr,,,,,,,,,,,,,,,,,,,,,,,,,,,,,,,,,8013064C,,,,,,,
D_80130650,,,,,,,,,,,,,,,,,,,,,,,,,,,,,,,,,80130650,,,,,,,
sSeqModeInput,,,,,,,,,,,,,,,,,,,,,,,,,,,,,,,,,80130654,,,,,,,
sSeqFlags,,,,,,,,,,,,,,,,,,,,,,,,,,,,,,,,,80130658,,,,,,,
sSpecReverbs,,,,,,,,,,,,,,,,,,,,,,,,,,,,,,,,,801306C8,,,,,,,
sNatureAmbienceDataIO,,,,,,,,,,,,,,,,,,,,,,,,,,,,,,,,,801306DC,,,,,,,
sOcarinaAllowedButtonMask,,,,,,,,,,,,,,,,,,,,,,,,,,,,,,,,,80130EFC,,,,,,,
sOcarinaAButtonMap,,,,,,,,,,,,,,,,,,,,,,,,,,,,,,,,,80130F00,,,,,,,
sOcarinaCUpButtonMap,,,,,,,,,,,,,,,,,,,,,,,,,,,,,,,,,80130F04,,,,,,,
sOcarinaCDownButtonMap,,,,,,,,,,,,,,,,,,,,,,,,,,,,,,,,,80130F08,,,,,,,
sIsOcarinaInputEnabled,,,,,,,,,,,,,,,,,,,,,,,,,,,,,,,,,80130F0C,,,,,,,
sOcarinaInstrumentId,,,,,,,,,,,,,,,,,,,,,,,,,,,,,,,,,80130F10,,,,,,,
sCurOcarinaPitch,,,,,,,,,,,,,,,,,,,,,,,,,,,,,,,,,80130F14,,,,,,,
sPrevOcarinaPitch,,,,,,,,,,,,,,,,,,,,,,,,,,,,,,,,,80130F18,,,,,,,
sCurOcarinaButtonIndex,,,,,,,,,,,,,,,,,,,,,,,,,,,,,,,,,80130F1C,,,,,,,
sMusicStaffPrevPitch,,,,,,,,,,,,,,,,,,,,,,,,,,,,,,,,,80130F20,,,,,,,
sCurOcarinaBendFreq,,,,,,,,,,,,,,,,,,,,,,,,,,,,,,,,,80130F24,,,,,,,
sRelativeOcarinaVolume,,,,,,,,,,,,,,,,,,,,,,,,,,,,,,,,,80130F28,,,,,,,
sCurOcarinaBendIndex,,,,,,,,,,,,,,,,,,,,,,,,,,,,,,,,,80130F2C,,,,,,,
sCurOcarinaVolume,,,,,,,,,,,,,,,,,,,,,,,,,,,,,,,,,80130F30,,,,,,,
sCurOcarinaVibrato,,,,,,,,,,,,,,,,,,,,,,,,,,,,,,,,,80130F34,,,,,,,
sPlaybackState,,,,,,,,,,,,,,,,,,,,,,,,,,,,,,,,,80130F38,,,,,,,
sOcarinaFlags,,,,,,,,,,,,,,,,,,,,,,,,,,,,,,,,,80130F3C,,,,,,,
sPlaybackNoteTimer,,,,,,,,,,,,,,,,,,,,,,,,,,,,,,,,,80130F40,,,,,,,
sPlaybackNotePos,,,,,,,,,,,,,,,,,,,,,,,,,,,,,,,,,80130F44,,,,,,,
sPlaybackStaffPos,,,,,,,,,,,,,,,,,,,,,,,,,,,,,,,,,80130F48,,,,,,,
sPrevOcarinaWithMusicStaffFlags,,,,,,,,,,,,,,,,,,,,,,,,,,,,,,,,,80130F4C,,,,,,,
sPlaybackPitch,,,,,,,,,,,,,,,,,,,,,,,,,,,,,,,,,80130F50,,,,,,,
sNotePlaybackVolume,,,,,,,,,,,,,,,,,,,,,,,,,,,,,,,,,80130F54,,,,,,,
sNotePlaybackVibrato,,,,,,,,,,,,,,,,,,,,,,,,,,,,,,,,,80130F58,,,,,,,
sNotePlaybackBend,,,,,,,,,,,,,,,,,,,,,,,,,,,,,,,,,80130F5C,,,,,,,
sRelativeNotePlaybackBend,,,,,,,,,,,,,,,,,,,,,,,,,,,,,,,,,80130F60,,,,,,,
sRelativeNotePlaybackVolume,,,,,,,,,,,,,,,,,,,,,,,,,,,,,,,,,80130F64,,,,,,,
sOcarinaPlaybackTaskStart,,,,,,,,,,,,,,,,,,,,,,,,,,,,,,,,,80130F68,,,,,,,
sButtonToPitchMap,,,,,,,,,,,,,,,,,,,,,,,,,,,,,,,,,80130F6C,,,,,,,
sOcaMemoryGameAppendPos,,,,,,,,,,,,,,,,,,,,,,,,,,,,,,,,,80130F74,,,,,,,
sOcaMemoryGameEndPos,,,,,,,,,,,,,,,,,,,,,,,,,,,,,,,,,80130F78,,,,,,,
sOcaMemoryGameNumNotes,,,,,,,,,,,,,,,,,,,,,,,,,,,,,,,,,80130F7C,,,,,,,
sOcarinaSongNotes,,,,,,,,,,,,,,,,,,,,,,,,,,,,,,,,,80130F80,,,,,,,
sPlaybackSong,,,,,,,,,,,,,,,,,,,,,,,,,,,,,,,,,80131840,,,,,,,
sFrogsSongNotes,,,,,,,,,,,,,,,,,,,,,,,,,,,,,,,,,80131844,,,,,,,
gFrogsSongPtr,,,,,,,,,,,,,,,,,,,,,,,,,,,,,,,,,80131854,,,,,,,
sRecordingState,,,,,,,,,,,,,,,,,,,,,,,,,,,,,,,,,80131858,,,,,,,
sRecordSongPos,,,,,,,,,,,,,,,,,,,,,,,,,,,,,,,,,8013185C,,,,,,,
sOcarinaRecordTaskStart,,,,,,,,,,,,,,,,,,,,,,,,,,,,,,,,,80131860,,,,,,,
sRecordOcarinaPitch,,,,,,,,,,,,,,,,,,,,,,,,,,,,,,,,,80131864,,,,,,,
sRecordOcarinaVolume,,,,,,,,,,,,,,,,,,,,,,,,,,,,,,,,,80131868,,,,,,,
sRecordOcarinaVibrato,,,,,,,,,,,,,,,,,,,,,,,,,,,,,,,,,8013186C,,,,,,,
sRecordOcarinaBendIndex,,,,,,,,,,,,,,,,,,,,,,,,,,,,,,,,,80131870,,,,,,,
sRecordOcarinaButtonIndex,,,,,,,,,,,,,,,,,,,,,,,,,,,,,,,,,80131874,,,,,,,
sPlayedOcarinaSongIndexPlusOne,,,,,,,,,,,,,,,,,,,,,,,,,,,,,,,,,80131878,,,,,,,
sMusicStaffNumNotesPerTest,,,,,,,,,,,,,,,,,,,,,,,,,,,,,,,,,8013187C,,,,,,,
sOcarinaDropInputTimer,,,,,,,,,,,,,,,,,,,,,,,,,,,,,,,,,80131880,,,,,,,
sScarecrowsLongSongNotes,,,,,,,,,,,,,,,,,,,,,,,,,,,,,,,,,80131884,,,,,,,
gScarecrowLongSongPtr,,,,,,,,,,,,,,,,,,,,,,,,,,,,,,,,,80131BE4,,,,,,,
gScarecrowSpawnSongPtr,,,,,,,,,,,,,,,,,,,,,,,,,,,,,,,,,80131BE8,,,,,,,
sMemoryGameSongPtr,,,,,,,,,,,,,,,,,,,,,,,,,,,,,,,,,80131BEC,,,,,,,
sPitchToButtonMap,,,,,,,,,,,,,,,,,,,,,,,,,,,,,,,,,80131BF0,,,,,,,
gOcarinaSongButtons,,,,,,,,,,,,,,,,,,,,,,,,,,,,,,,,,80131C00,,,,,,,
D_80131C8C,,,,,,,,,,,,,,,,,,,,,,,,,,,,,,,,,80131C8C,,,,,,,
sAudioUpdateDuration,,,,,,,,,,,,,,,,,,,,,,,,,,,,,,,,,80131C90,,,,,,,
sAudioUpdateDurationMax,,,,,,,,,,,,,,,,,,,,,,,,,,,,,,,,,80131C94,,,,,,,
sAudioDebugEverOpened,,,,,,,,,,,,,,,,,,,,,,,,,,,,,,,,,80131C98,,,,,,,
sAudioSfxMuted,,,,,,,,,,,,,,,,,,,,,,,,,,,,,,,,,80131C9C,,,,,,,
sAudioDebugPage,,,,,,,,,,,,,,,,,,,,,,,,,,,,,,,,,80131CA0,,,,,,,
sAudioSndContSel,,,,,,,,,,,,,,,,,,,,,,,,,,,,,,,,,80131CA4,,,,,,,
sAudioDebugTextColor,,,,,,,,,,,,,,,,,,,,,,,,,,,,,,,,,80131CA8,,,,,,,
sAudioDebugPageNames,,,,,,,,,,,,,,,,,,,,,,,,,,,,,,,,,80131CAC,,,,,,,
sAudioSndContWork,,,,,,,,,,,,,,,,,,,,,,,,,,,,,,,,,80131E08,,,,,,,
sAudioSndContWorkLims,,,,,,,,,,,,,,,,,,,,,,,,,,,,,,,,,80131E20,,,,,,,
sSfxBankNames,,,,,,,,,,,,,,,,,,,,,,,,,,,,,,,,,80131E38,,,,,,,
sSoundModeNames,,,,,,,,,,,,,,,,,,,,,,,,,,,,,,,,,80131E88,,,,,,,
sAudioIntInfoX,,,,,,,,,,,,,,,,,,,,,,,,,,,,,,,,,80131EBC,,,,,,,
sAudioIntInfoY,,,,,,,,,,,,,,,,,,,,,,,,,,,,,,,,,80131EC0,,,,,,,
sAudioIntInfoSel,,,,,,,,,,,,,,,,,,,,,,,,,,,,,,,,,80131EC4,,,,,,,
sAudioIntInfoBankPage,,,,,,,,,,,,,,,,,,,,,,,,,,,,,,,,,80131EC8,,,,,,,
sAudioScrPrtSel,,,,,,,,,,,,,,,,,,,,,,,,,,,,,,,,,80131ED0,,,,,,,
sAudioScrPrtInd,,,,,,,,,,,,,,,,,,,,,,,,,,,,,,,,,80131ED4,,,,,,,
sAudioScrPrtOverflow,,,,,,,,,,,,,,,,,,,,,,,,,,,,,,,,,80131ED8,,,,,,,
sAudioScrPrtX,,,,,,,,,,,,,,,,,,,,,,,,,,,,,,,,,80131EDC,,,,,,,
sAudioScrPrtY,,,,,,,,,,,,,,,,,,,,,,,,,,,,,,,,,80131EE0,,,,,,,
sAudioScrPrtWork,,,,,,,,,,,,,,,,,,,,,,,,,,,,,,,,,80131EE4,,,,,,,
sAudioScrPrtWorkLims,,,,,,,,,,,,,,,,,,,,,,,,,,,,,,,,,80131EF0,,,,,,,
sAudioSubTrackInfoSpec,,,,,,,,,,,,,,,,,,,,,,,,,,,,,,,,,80131EFC,,,,,,,
sAudioSfxSwapIsEditing,,,,,,,,,,,,,,,,,,,,,,,,,,,,,,,,,80131F00,,,,,,,
sAudioSfxSwapSel,,,,,,,,,,,,,,,,,,,,,,,,,,,,,,,,,80131F04,,,,,,,
sAudioSfxSwapNibbleSel,,,,,,,,,,,,,,,,,,,,,,,,,,,,,,,,,80131F08,,,,,,,
sAudioSfxSwapModeNames,,,,,,,,,,,,,,,,,,,,,,,,,,,,,,,,,80131F0C,,,,,,,
sAudioSfxParamChgSel,,,,,,,,,,,,,,,,,,,,,,,,,,,,,,,,,80131F18,,,,,,,
sAudioSfxParamChgBitSel,,,,,,,,,,,,,,,,,,,,,,,,,,,,,,,,,80131F1C,,,,,,,
sAudioSfxParamChgWork,,,,,,,,,,,,,,,,,,,,,,,,,,,,,,,,,80131F20,,,,,,,
sAudioSubTrackInfoPlayerSel,,,,,,,,,,,,,,,,,,,,,,,,,,,,,,,,,80131F28,,,,,,,
sAudioSubTrackInfoChannelSel,,,,,,,,,,,,,,,,,,,,,,,,,,,,,,,,,80131F2C,,,,,,,
sSeqPlayerPeakNumLayers,,,,,,,,,,,,,,,,,,,,,,,,,,,,,,,,,80131F30,,,,,,,
sAudioSceneNames,,,,,,,,,,,,,,,,,,,,,,,,,,,,,,,,,80131F44,,,,,,,
sAudioBlkChgBgmWork,,,,,,,,,,,,,,,,,,,,,,,,,,,,,,,,,80131F4C,,,,,,,
sAudioBlkChgBgmSel,,,,,,,,,,,,,,,,,,,,,,,,,,,,,,,,,80131F50,,,,,,,
sBoolStrs,,,,,,,,,,,,,,,,,,,,,,,,,,,,,,,,,80131F54,,,,,,,
sAudioNatureFailed,,,,,,,,,,,,,,,,,,,,,,,,,,,,,,,,,80131F64,,,,,,,
sPeakNumNotes,,,,,,,,,,,,,,,,,,,,,,,,,,,,,,,,,80131F68,,,,,,,
sEnemyBankParams,,,,,,,,,,,,,,,,,,,,,,,,,,,,,,,,,80131F70,,,,,,,
sPlayerBankParams,,,,,,,,,,,,,,,,,,,,,,,,,,,,,,,,,8013273C,,,,,,,
sItemBankParams,,,,,,,,,,,,,,,,,,,,,,,,,,,,,,,,,80132ABC,,,,,,,
sEnvBankParams,,,,,,,,,,,,,,,,,,,,,,,,,,,,,,,,,80132BFC,,,,,,,
sSystemBankParams,,,,,,,,,,,,,,,,,,,,,,,,,,,,,,,,,80132FDC,,,,,,,
sOcarinaBankParams,,,,,,,,,,,,,,,,,,,,,,,,,,,,,,,,,801330FC,,,,,,,
sVoiceBankParams,,,,,,,,,,,,,,,,,,,,,,,,,,,,,,,,,8013311C,,,,,,,
gSfxParams,,,,,,,,,,,,,,,,,,,,,,,,,,,,,,,,,8013331C,,,,,,,
gSfxRequestWriteIndex,,,,,,,,,,,,,,,,,,,,,,,,,,,,,,,,,801333A0,,,,,,,
gSfxRequestReadIndex,,,,,,,,,,,,,,,,,,,,,,,,,,,,,,,,,801333A4,,,,,,,
gSfxBanks,,,,,,,,,,,,,,,,,,,,,,,,,,,,,,,,,801333A8,,,,,,,
gSfxBankSizes,,,,,,,,,,,,,,,,,,,,,,,,,,,,,,,,,801333C4,,,,,,,
gSfxChannelLayout,,,,,,,,,,,,,,,,,,,,,,,,,,,,,,,,,801333CC,,,,,,,
D_801333D0,,,,,,,,,,,,,,,,,,,,,,,,,,,,,,,,,801333D0,,,,,,,
gSfxDefaultPos,,,,,,,,,,,,,,,,,,,,,,,,,,,,,,,,,801333D4,,,,,,,
gSfxDefaultFreqAndVolScale,,,,,,,,,,,,,,,,,,,,,,,,,,,,,,,,,801333E0,,,,,,,
D_801333E4,,,,,,,,,,,,,,,,,,,,,,,,,,,,,,,,,801333E4,,,,,,,
gSfxDefaultReverb,,,,,,,,,,,,,,,,,,,,,,,,,,,,,,,,,801333E8,,,,,,,
D_801333EC,,,,,,,,,,,,,,,,,,,,,,,,,,,,,,,,,801333EC,,,,,,,
D_801333F0,,,,,,,,,,,,,,,,,,,,,,,,,,,,,,,,,801333F0,,,,,,,
gAudioSfxSwapOff,,,,,,,,,,,,,,,,,,,,,,,,,,,,,,,,,801333F4,,,,,,,
D_801333F8,,,,,,,,,,,,,,,,,,,,,,,,,,,,,,,,,801333F8,,,,,,,
D_801333FC,,,,,,,,,,,,,,,,,,,,,,,,,,,,,,,,,801333FC,,,,,,,
gSeqCmdWritePos,,,,,,,,,,,,,,,,,,,,,,,,,,,,,,,,,80133400,,,,,,,
gSeqCmdReadPos,,,,,,,,,,,,,,,,,,,,,,,,,,,,,,,,,80133404,,,,,,,
gStartSeqDisabled,,,,,,,,,,,,,,,,,,,,,,,,,,,,,,,,,80133408,,,,,,,
gAudioDebugPrintSeqCmd,,,,,,,,,,,,,,,,,,,,,,,,,,,,,,,,,8013340C,,,,,,,
gSoundModeList,,,,,,,,,,,,,,,,,,,,,,,,,,,,,,,,,80133410,,,,,,,
gAudioSpecId,,,,,,,,,,,,,,,,,,,,,,,,,,,,,,,,,80133414,,,,,,,
D_80133418,,,,,,,,,,,,,,,,,,,,,,,,,,,,,,,,,80133418,,,,,,,
sReverbSettings,,,,,,,,,,,,,,,,,,,,,,,,,,,,,,,,,80133420,,,,,,,
gAudioSpecs,,,,,,,,,,,,,,,,,,,,,,,,,,,,,,,,,801337C8,,,,,,,
gOverlayLogSeverity,,,,,,,,,,,,,,,,,,,,,,,,,,,,,,,,,80133BC0,,,,,,,
sGfxPrintFontTLUT,,,,,,,,,,,,,,,,,,,,,,,,,,,,,,,,,80133BD0,,,,,,,
sGfxPrintRainbowTLUT,,,,,,,,,,,,,,,,,,,,,,,,,,,,,,,,,80133C50,,,,,,,
sGfxPrintRainbowData,,,,,,,,,,,,,,,,,,,,,,,,,,,,,,,,,80133C70,,,,,,,
sGfxPrintFontData,,,,,,,,,,,,,,,,,,,,,,,,,,,,,,,,,80133C78,,,,,,,
sInitFuncs,,,,,,,,,,,,,,,,,,,,,,,,,,,,,,,,,80134480,,,,,,,
sNew,,,,,,,,,,,,,,,,,,,,,,,,,,,,,,,,,80134484,,,,,,,
D_80134488,,,,,,,,,,,,,,,,,,,,,,,,,,,,,,,,,80134488,,,,,,,
qNaN0x3FFFFF,,,,,,,,,,,,,,,,,,,,,,,,,,,,,,,,,801344A0,,,,,,,
qNaN0x10000,,,,,,,,,,,,,,,,,,,,,,,,,,,,,,,,,801344A4,,,,,,,
sNaN0x3FFFFF,,,,,,,,,,,,,,,,,,,,,,,,,,,,,,,,,801344A8,,,,,,,
gSystemArenaLogSeverity,,,,,,,,,,,,,,,,,,,,,,,,,,,,,,,,,801344B0,,,,,,,
__osSiAccessQueueEnabled,,,,,,,,,,,,,,,,,,,,,,,,,,,,,,,,,80134CD0,,,,,,,
__osContInitialized,,,,,,,,,,,,,,,,,,,,,,,,,,,,,,,,,80134CE0,,,,,,,
__osPfsInodeCacheChannel,,,,,,,,,,,,,,,,,,,,,,,,,,,,,,,,,80134CF0,,,,,,,
__osPfsInodeCacheBank,,,,,,,,,,,,,,,,,,,,,,,,,,,,,,,,,80134CF4,,,,,,,
__osPfsLastChannel,,,,,,,,,,,,,,,,,,,,,,,,,,,,,,,,,80134D20,,,,,,,
sFaultDrawerFont,,,,,,,,,,,,,,,,,,,,,,,,,,,,,,,,,80147570,,,,,,,
D_8014A6C0,,,,,,,,,,,,,,,,,,,,,,,,,,,,,,,,,8014A6C0,,,,,,,
gAudioHeapInitSizes,,,,,,,,,,,,,,,,,,,,,,,,,,,,,,,,,8014A6C4,,,,,,,
__libm_qnan_f,,,,,,,,,,,,,,,,,,,,,,,,,,,,,,,,,8014B2D0,,,,,,,
sTextFade,,,,,,,,,,,,,,,,,,,,,,,,,,,,,,,,,8014B2F0,,,,,,,
D_8014B2F4,,,,,,,,,,,,,,,,,,,,,,,,,,,,,,,,,8014B2F4,,,,,,,
sOcarinaButtonIndexBufPos,,,,,,,,,,,,,,,,,,,,,,,,,,,,,,,,,8014B2F8,,,,,,,
sOcarinaButtonIndexBufLen,,,,,,,,,,,,,,,,,,,,,,,,,,,,,,,,,8014B2FC,,,,,,,
sTextboxSkipped,,,,,,,,,,,,,,,,,,,,,,,,,,,,,,,,,8014B300,,,,,,,
sNextTextId,,,,,,,,,,,,,,,,,,,,,,,,,,,,,,,,,8014B304,,,,,,,
sTextIsCredits,,,,,,,,,,,,,,,,,,,,,,,,,,,,,,,,,8014B308,,,,,,,
D_8014B30C,,,,,,,,,,,,,,,,,,,,,,,,,,,,,,,,,8014B30C,,,,,,,
sLastPlayedSong,,,,,,,,,,,,,,,,,,,,,,,,,,,,,,,,,8014B310,,,,,,,
sHasSunsSong,,,,,,,,,,,,,,,,,,,,,,,,,,,,,,,,,8014B314,,,,,,,
sMessageHasSetSfx,,,,,,,,,,,,,,,,,,,,,,,,,,,,,,,,,8014B318,,,,,,,
sOcarinaSongBitFlags,,,,,,,,,,,,,,,,,,,,,,,,,,,,,,,,,8014B31C,,,,,,,
sNesMessageEntryTable,,,,,,,,,,,,,,,,,,,,,,,,,,,,,,,,,8014B320,,,,,,,
sGerMessageEntryTable,,,,,,,,,,,,,,,,,,,,,,,,,,,,,,,,,8014F548,,,,,,,
sFraMessageEntryTable,,,,,,,,,,,,,,,,,,,,,,,,,,,,,,,,,80151658,,,,,,,
sStaffMessageEntryTable,,,,,,,,,,,,,,,,,,,,,,,,,,,,,,,,,80153768,,,,,,,
sNesMessageEntryTablePtr,,,,,,,,,,,,,,,,,,,,,,,,,,,,,,,,,801538F0,,,,,,,
sGerMessageEntryTablePtr,,,,,,,,,,,,,,,,,,,,,,,,,,,,,,,,,801538F4,,,,,,,
sFraMessageEntryTablePtr,,,,,,,,,,,,,,,,,,,,,,,,,,,,,,,,,801538F8,,,,,,,
sStaffMessageEntryTablePtr,,,,,,,,,,,,,,,,,,,,,,,,,,,,,,,,,801538FC,,,,,,,
sTextboxBackgroundForePrimColors,,,,,,,,,,,,,,,,,,,,,,,,,,,,,,,,,80153900,,,,,,,
sTextboxBackgroundBackPrimColors,,,,,,,,,,,,,,,,,,,,,,,,,,,,,,,,,80153930,,,,,,,
sTextboxBackgroundYOffsets,,,,,,,,,,,,,,,,,,,,,,,,,,,,,,,,,80153948,,,,,,,
sOcarinaButtonIndexBuf,,,,,,,,,,,,,,,,,,,,,,,,,,,,,,,,,8015394C,,,,,,,
sOcarinaButtonAlphaValues,,,,,,,,,,,,,,,,,,,,,,,,,,,,,,,,,80153958,,,,,,,
gOcarinaSongItemMap,,,,,,,,,,,,,,,,,,,,,,,,,,,,,,,,,8015396C,,,,,,,
sFontWidths,,,,,,,,,,,,,,,,,,,,,,,,,,,,,,,,,80153A00,,,,,,,
D_80153D7C,,,,,,,,,,,,,,,,,,,,,,,,,,,,,,,,,80153D7C,,,,,,,
gGameOverTimer,s16,,,,,,,,80111310,,,,80111350,,,,,,,,,,,,,,,,,,,,80153D80,,,,,,,
gSoundFontTable,,,,,,,,,,,,,,,,,,,,,,,,,,,,,,,,,801550D0,,,,,,,
gSequenceFontTable,,,,,,,,,,,,,,,,,,,,,,,,,,,,,,,,,80155340,,,,,,,
gSequenceTable,,,,,,,,,,,,,,,,,,,,,,,,,,,,,,,,,80155500,,,,,,,
gSampleBankTable,,,,,,,,,,,,,,,,,,,,,,,,,,,,,,,,,80155BF0,,,,,,,
aspMainDataStart,,,,,,,,,,,,,,,,,,,,,,,,,,,,,,,,,80155C70,,,,,,,
gspF3DZEX2_NoN_PosLight_fifoTextStart,,,,,,,,,,,,,,,,,,,,,,,,,,,,,,,,,80155F50,,,,,,,
gspF3DZEX2_NoN_PosLight_fifoDataStart,,,,,,,,,,,,,,,,,,,,,,,,,,,,,,,,,80157580,,,,,,,
gspS2DEX2d_fifoDataStart,,,,,,,,,,,,,,,,,,,,,,,,,,,,,,,,,801579A0,,,,,,,
njpgdspMainDataStart,,,,,,,,,,,8011542,,,,,,,,,,,,,,,,,,,,,,80157D30,,,,,,,
sEffectContext,,,,,,,,,,,,,,,,,,,,,,,,,,,,,,,,,80157DA0,,,,,,,
D_8015BBA8,,,,,,,,,,,,,,,,,,,,,,,,,,,,,,,,,8015BBA8,,,,,,,
D_8015BBE8,,,,,,,,,,,,,,,,,,,,,,,,,,,,,,,,,8015BBE8,,,,,,,
D_8015BBEC,,,,,,,,,,,,,,,,,,,,,,,,,,,,,,,,,8015BBEC,,,,,,,
D_8015BBF0,,,,,,,,,,,,,,,,,,,,,,,,,,,,,,,,,8015BBF0,,,,,,,
sbgmEnemyDistSq,,,,,,,,,,,,,,,,,,,,,,,,,,,,,,,,,8015BBF4,,,,,,,
D_8015BBF8,,,,,,,,,,,,,,,,,,,,,,,,,,,,,,,,,8015BBF8,,,,,,,
D_8015BBFC,,,,,,,,,,,,,,,,,,,,,,,,,,,,,,,,,8015BBFC,,,,,,,
D_8015BC00,,,,,,,,,,,,,,,,,,,,,,,,,,,,,,,,,8015BC00,,,,,,,
D_8015BC10,,,,,,,,,,,,,,,,,,,,,,,,,,,,,,,,,8015BC10,,,,,,,
D_8015BC14,,,,,,,,,,,,,,,,,,,,,,,,,,,,,,,,,8015BC14,,,,,,,
D_8015BC18,,,,,,,,,,,,,,,,,,,,,,,,,,,,,,,,,8015BC18,,,,,,,
D_8015BD7C,,,,,,,,,,,,,,,,,,,,,,,,,,,,,,,,,8015BD7C,,,,,,,
D_8015BD80,,,,,,,,,,,,,,,,,,,,,,,,,,,,,,,,,8015BD80,,,,,,,
playerFloorPoly,,,,,,,,,,,,,,,,,,,,,,,,,,,,,,,,,8015CE4C,,,,,,,
gSaveContext,SaveContext,,8011A3C0,1428,8011A5D0,1428,8011A790,1428,801183D0,1428,8011AC80,1428,80118410,1428,80118F30,1428,8011B168,1428,,,8011B148,1428,,,,,,,,,80118938,1428,8015E660,1428,8011B148,,80137F40,1428,,
D_8015FA88,,,,,,,,,,,,,,,,,,,,,,,,,,,,,,,,,8015FA88,,,,,,,
D_8015FA8C,,,,,,,,,,,,,,,,,,,,,,,,,,,,,,,,,8015FA8C,,,,,,,
gRegEditor,RegEditor*,,8011B7F0,4,8011BA00,4,,,80119800,4,8011C0B0,4,80119840,4,8011A360,4,,,,,,,,,,,,,,,80119D60,4,8015FA90,4,,,,,,
sDebugCamTextBuffer,,,,,,,,,,,,,,,,,,,,,,,,,,,,,,,,,8015FA98,,,,,,,
gCamAtSplinePointsAppliedFrame,,,,,,,,,,,,,,,,,,,,,,,,,,,,,,,,,8015FCC0,,,,,,,
gCamEyePointAppliedFrame,,,,,,,,,,,,,,,,,,,,,,,,,,,,,,,,,8015FCC2,,,,,,,
gCamAtPointAppliedFrame,,,,,,,,,,,,,,,,,,,,,,,,,,,,,,,,,8015FCC4,,,,,,,
sReturnToCamId,,,,,,,,,,,,,,,,,,,,,,,,,,,,,,,,,8015FCC6,,,,,,,
gUseCutsceneCam,,,,,,,,,,,,,,,,,,,,,,,,,,,,,,,,,8015FCC8,,,,,,,
sQuakeIndex,,,,,,,,,,,,,,,,,,,,,,,,,,,,,,,,,8015FCCA,,,,,,,
D_8015FCCC,,,,,,,,,,,,,,,,,,,,,,,,,,,,,,,,,8015FCCC,,,,,,,
D_8015FCD0,,,,,,,,,,,,,,,,,,,,,,,,,,,,,,,,,8015FCD0,,,,,,,
D_8015FCE4,,,,,,,,,,,,,,,,,,,,,,,,,,,,,,,,,8015FCE4,,,,,,,
gCustomLensFlareOn,,,,,,,,,,,,,,,,,,,,,,,,,,,,,,,,,8015FCF0,,,,,,,
gCustomLensFlarePos,,,,,,,,,,,,,,,,,,,,,,,,,,,,,,,,,8015FCF8,,,,,,,
gLensFlareUnused,,,,,,,,,,,,,,,,,,,,,,,,,,,,,,,,,8015FD04,,,,,,,
gLensFlareScale,,,,,,,,,,,,,,,,,,,,,,,,,,,,,,,,,8015FD06,,,,,,,
gLensFlareColorIntensity,,,,,,,,,,,,,,,,,,,,,,,,,,,,,,,,,8015FD08,,,,,,,
gLensFlareGlareStrength,,,,,,,,,,,,,,,,,,,,,,,,,,,,,,,,,8015FD0C,,,,,,,
sLightningBolts,,,,,,,,,,,,,,,,,,,,,,,,,,,,,,,,,8015FD10,,,,,,,
gLightningStrike,,,,,,,,,,,,,,,,,,,,,,,,,,,,,,,,,8015FD70,,,,,,,
sLightningFlashAlpha,,,,,,,,,,,,,,,,,,,,,,,,,,,,,,,,,8015FD7C,,,,,,,
sSunDepthTestX,,,,,,,,,,,,,,,,,,,,,,,,,,,,,,,,,8015FD7E,,,,,,,
sSunDepthTestY,,,,,,,,,,,,,,,,,,,,,,,,,,,,,,,,,8015FD80,,,,,,,
sNGameOverLightNode,,,,,,,,,,,,,,,,,,,,,,,,,,,,,,,,,8015FD84,,,,,,,
sNGameOverLightInfo,,,,,,,,,,,,,,,,,,,,,,,,,,,,,,,,,8015FD88,,,,,,,
sSGameOverLightNode,,,,,,,,,,,,,,,,,,,,,,,,,,,,,,,,,8015FD98,,,,,,,
sSGameOverLightInfo,,,,,,,,,,,,,,,,,,,,,,,,,,,,,,,,,8015FDA0,,,,,,,
sGameOverLightsIntensity,,,,,,,,,,,,,,,,,,,,,,,,,,,,,,,,,8015FDAE,,,,,,,
sSandstormScroll,,,,,,,,,,,,,,,,,,,,,,,,,,,,,,,,,8015FDB0,,,,,,,
sBeatingHeartsDDPrim,,,,,,,,,,,,,,,,,,,,,,,,,,,,,,,,,8015FDC0,,,,,,,
sBeatingHeartsDDEnv,,,,,,,,,,,,,,,,,,,,,,,,,,,,,,,,,8015FDC8,,,,,,,
sHeartsDDPrim,,,,,,,,,,,,,,,,,,,,,,,,,,,,,,,,,8015FDD0,,,,,,,
sHeartsDDEnv,,,,,,,,,,,,,,,,,,,,,,,,,,,,,,,,,8015FDE0,,,,,,,
sLightsBuffer,,,,,,,,,,,,,,,,,,,,,,,,,,,,,,,,,8015FDF0,,,,,,,
sZeldaArena,Arena,,,,,,,,,,,,,,,,,,,,,,,,,,,,,,,,8015FF80,24,,,80127C50,24,,
sCurTLUTIndex,,,,,,,,,,,,,,,,,,,,,,,,,,,,,,,,,8015FFC0,,,,,,,
gMapData,,,,,,,,,,,,,,,,,,,,,,,,,,,,,,,,,8015FFD0,,,,,,,
sCurBodyPartPos,,,,,,,,,,,,,,,,,,,,,,,,,,,,,,,,,80160000,,,,,,,
sDListsLodOffset,,,,,,,,,,,,,,,,,,,,,,,,,,,,,,,,,80160004,,,,,,,
sGetItemRefPos,,,,,,,,,,,,,,,,,,,,,,,,,,,,,,,,,80160008,,,,,,,
sLeftHandType,,,,,,,,,,,,,,,,,,,,,,,,,,,,,,,,,80160014,,,,,,,
sRightHandType,,,,,,,,,,,,,,,,,,,,,,,,,,,,,,,,,80160018,,,,,,,
sQuakeRequests,,,,,,,,,,,,,,,,,,,,,,,,,,,,,,,,,80160020,,,,,,,
gSkinLimbMatrices,,,,,,,,,,,,,,,,,,,,,,,,,,,,,,,,,801600C0,,,,,,,
sRumbleMgr,,,,,,,,,,,,,,,,,,,,,,,,,,,,,,,,,80160FD0,,,,,,,
sSkyboxDrawMatrix,,,,,,,,,,,,,,,,,,,,,,,,,,,,,,,,,801610E0,,,,,,,
sPlayerCallInitFunc,,,,,,,,,,,,,,,,,,,,,,,,,,,,,,,,,801610F0,,,,,,,
sPlayerCallDestroyFunc,,,,,,,,,,,,,,,,,,,,,,,,,,,,,,,,,801610F4,,,,,,,
sPlayerCallUpdateFunc,,,,,,,,,,,,,,,,,,,,,,,,,,,,,,,,,801610F8,,,,,,,
sPlayerCallDrawFunc,,,,,,,,,,,,,,,,,,,,,,,,,,,,,,,,,801610FC,,,,,,,
sMempakPfsHandle,,,,,,,,,,,,,,,,,,,,,,,,,,,,,,,,,801612F0,,,,,,,
sMempakFreeBytes,,,,,,,,,,,,,,,,,,,,,,,,,,,,,,,,,80161358,,,,,,,
sMempakFiles,,,,,,,,,,,,,,,,,,,,,,,,,,,,,,,,,80161360,,,,,,,
sKaleidoScopeUpdateFunc,,,,,,,,,,,,,,,,,,,,,,,,,,,,,,,,,80161390,,,,,,,
sKaleidoScopeDrawFunc,,,,,,,,,,,,,,,,,,,,,,,,,,,,,,,,,80161394,,,,,,,
gBossMarkScale,,,,,,,,,,,,,,,,,,,,,,,,,,,,,,,,,80161398,,,,,,,
D_8016139C,,,,,,,,,,,,,,,,,,,,,,,,,,,,,,,,,8016139C,,,,,,,
gLoadedPauseMarkDataTable,,,,,,,,,,,,,,,,,,,,,,,,,,,,,,,,,801613A0,,,,,,,
sTransitionTile,,,,,,,,,,,,,,,,,,,,,,,,,,,,,,,,,801613B0,,,,,,,
gTransitionTileState,,,,,,,,,,,,,,,,,,,,,,,,,,,,,,,,,80161490,,,,,,,
D_80161498,,,,,,,,,,,,,,,,,,,,,,,,,,,,,,,,,80161498,,,,,,,
gVisMonoColor,,,,,,,,,,,,,,,,,,,,,,,,,,,,,,,,,801614B0,,,,,,,
D_801614B8,,,,,,,,,,,,,,,,,,,,,,,,,,,,,,,,,801614B8,,,,,,,
sTransitionFillTimer,,,,,,,,,,,,,,,,,,,,,,,,,,,,,,,,,801614C8,,,,,,,
sDebugCutsceneScriptBuf,,,,,,,,,,,,,,,,,,,,,,,,,,,,,,,,,801614D0,,,,,,,
D_801664D0,,,,,,,,,,,,,,,,,,,,,,,,,,,,,,,,,801664D0,,,,,,,
D_801664F0,,,,,,,,,,,,,,,,,,,,,,,,,,,,,,,,,801664F0,,,,,,,
D_80166500,,,,,,,,,,,,,,,,,,,,,,,,,,,,,,,,,80166500,,,,,,,
sMonoColors,,,,,,,,,,,,,,,,,,,,,,,,,,,,,,,,,80166510,,,,,,,
sViMode,,,,,,,,,,,,,,,,,,,,,,,,,,,,,,,,,80166528,,,,,,,
sGameFaultClient,,,,,,,,,,,,,,,,,,,,,,,,,,,,,,,,,801665B0,,,,,,,
sLastButtonPressed,,,,,,,,,,,,,,,,,,,,,,,,,,,,,,,,,801665C0,,,,,,,
sGraphPrevUpdateEndTime,,,,,,,,,,,,,,,,,,,,,,,,,,,,,,,,,801665D0,,,,,,,
sGraphPrevTaskTimeStart,,,,,,,,,,,,,,,,,,,,,,,,,,,,,,,,,801665D8,,,,,,,
sGraphFaultClient,,,,,,,,,,,,,,,,,,,,,,,,,,,,,,,,,801665E0,,,,,,,
sGraphCfbInfos,,,,,,,,,,,,,,,,,,,,,,,,,,,,,,,,,801665F0,,,,,,,
sGraphUcodeFaultClient,,,,,,,,,,,,,,,,,,,,,,,,,,,,,,,,,80166648,,,,,,,
gAppNmiBufferPtr,,,,,,,,,,,,,,,,,,,,,,,,,,,,,,,,,80166660,,,,,,,
gScheduler,,,,,,,,,,,,,,,,,,,,,,,,,,,,,,,,,80166668,,,,,,,
gPadMgr,,,,,,,,,,,,,,,,,,,,,,,,,,,,,,,,,801668C0,,,,,,,
gIrqMgr,,,,,,,,,,,,,,,,,,,,,,,,,,,,,,,,,80166D28,,,,,,,
gSegments,uintptr_t[16],,,,80120C38,0x40,,,8011EC58,0x40,80121508,0x40,8011EC98,0x40,,,,,,,,,,,,,,,,,8011B648,0x40,80166FA8,0x40,,,,,,
sGraphThread,,,,,,,,,,,,,,,,,,,,,,,,,,,,,,,,,80166FE8,,,,,,,
sGraphStack,,,,,,,,,,,,,,,,,,,,,,,,,,,,,,,,,80167198,,,,,,,
sSchedStack,,,,,,,,,,,,,,,,,,,,,,,,,,,,,,,,,80168998,,,,,,,
sAudioStack,,,,,,,,,,,,,,,,,,,,,,,,,,,,,,,,,80168F98,,,,,,,
sPadMgrStack,,,,,,,,,,,,,,,,,,,,,,,,,,,,,,,,,80169798,,,,,,,
sIrqMgrStack,,,,,,,,,,,,,,,,,,,,,,,,,,,,,,,,,80169C98,,,,,,,
sGraphStackInfo,,,,,,,,,,,,,,,,,,,,,,,,,,,,,,,,,8016A198,,,,,,,
sSchedStackInfo,,,,,,,,,,,,,,,,,,,,,,,,,,,,,,,,,8016A1B8,,,,,,,
sAudioStackInfo,,,,,,,,,,,,,,,,,,,,,,,,,,,,,,,,,8016A1D8,,,,,,,
sPadMgrStackInfo,,,,,,,,,,,,,,,,,,,,,,,,,,,,,,,,,8016A1F8,,,,,,,
sIrqMgrStackInfo,,,,,,,,,,,,,,,,,,,,,,,,,,,,,,,,,8016A218,,,,,,,
gAudioMgr,,,,,,,,,,,,,,,,,,,,,,,,,,,,,,,,,8016A238,,,,,,,
sSerialEventQueue,,,,,,,,,,,,,,,,,,,,,,,,,,,,,,,,,8016A4D0,,,,,,,
sSerialMsgBuf,,,,,,,,,,,,,,,,,,,,,,,,,,,,,,,,,8016A4E8,,,,,,,
sRSPGfxTimeStart,,,,,,,,,,,,,,,,,,,,,,,,,,,,,,,,,8016A500,,,,,,,
sRSPAudioTimeStart,,,,,,,,,,,,,,,,,,,,,,,,,,,,,,,,,8016A508,,,,,,,
sRSPOtherTimeStart,,,,,,,,,,,,,,,,,,,,,,,,,,,,,,,,,8016A510,,,,,,,
sRDPTimeStart,,,,,,,,,,,,,,,,,,,,,,,,,,,,,,,,,8016A518,,,,,,,
gAudioThreadUpdateTimeTotalPerGfxTask,,,,,,,,,,,,,,,,,,,,,,,,,,,,,,,,,8016A520,,,,,,,
gGfxTaskSentToNextReadyMinusAudioThreadUpdateTime,,,,,,,,,,,,,,,,,,,,,,,,,,,,,,,,,8016A528,,,,,,,
gRSPAudioTimeTotal,,,,,,,,,,,,,,,,,,,,,,,,,,,,,,,,,8016A530,,,,,,,
gRSPGfxTimeTotal,,,,,,,,,,,,,,,,,,,,,,,,,,,,,,,,,8016A538,,,,,,,
gRDPTimeTotal,,,,,,,,,,,,,,,,,,,,,,,,,,,,,,,,,8016A540,,,,,,,
gGraphUpdatePeriod,,,,,,,,,,,,,,,,,,,,,,,,,,,,,,,,,8016A548,,,,,,,
gAudioThreadUpdateTimeStart,,,,,,,,,,,,,,,,,,,,,,,,,,,,,,,,,8016A550,,,,,,,
gAudioThreadUpdateTimeAcc,,,,,,,,,,,,,,,,,,,,,,,,,,,,,,,,,8016A558,,,,,,,
gRSPAudioTimeAcc,,,,,,,,,,,,,,,,,,,,,,,,,,,,,,,,,8016A560,,,,,,,
gRSPGfxTimeAcc,,,,,,,,,,,,,,,,,,,,,,,,,,,,,,,,,8016A568,,,,,,,
gRSPOtherTimeAcc,,,,,,,,,,,,,,,,,,,,,,,,,,,,,,,,,8016A570,,,,,,,
D_8016A578,,,,,,,,,,,,,,,,,,,,,,,,,,,,,,,,,8016A578,,,,,,,
gRDPTimeAcc,,,,,,,,,,,,,,,,,,,,,,,,,,,,,,,,,8016A580,,,,,,,
sSpeedMeterTimeEntryPtr,,,,,,,,,,,,,,,,,,,,,,,,,,,,,,,,,8016A588,,,,,,,
sSysCfbFbPtr,,,,,,,,,,,,,,,,,,,,,,,,,,,,,,,,,8016A590,,,,,,,
sSysCfbEnd,,,,,,,,,,,,,,,,,,,,,,,,,,,,,,,,,8016A598,,,,,,,
sMatrixStack,MtxF*,,,,80121200,4,,,,,,,,,,,,,,,,,,,,,,,,,,,8016A7C0,4,,,,,,
sCurrentMatrix,MtxF*,,,,80121204,4,,,,,,,,,,,,,,,,,,,,,,,,,,,8016A7C4,4,,,,,,
gN64ddIsLoaded,u8,,,,80121210,1,,,,,,,,,,,,,,,,,,,,,,,,,,,-,-,,,,,,
sDebugArena,,,,,,,,,,,,,,,,,,,,,,,,,,,,,,,,,8016A7D0,,,,,,,
sFaultInstance,,,,,,,,,,,,,,,,,,,,,,,,,,,,,,,,,8016A800,,,,,,,
sFaultAwaitingInput,,,,,,,,,,,,,,,,,,,,,,,,,,,,,,,,,8016A804,,,,,,,
sFaultStack,,,,,,,,,,,,,,,,,,,,,,,,,,,,,,,,,8016A808,,,,,,,
sFaultThreadInfo,,,,,,,,,,,,,,,,,,,,,,,,,,,,,,,,,8016AE08,,,,,,,
gFaultMgr,,,,,,,,,,,,,,,,,,,,,,,,,,,,,,,,,8016AE28,,,,,,,
sFaultDrawer,FaultDrawer,,,,,,,,,,,,,,,,,,,,,,,,,,,,,,,,8016B680,3C,,,8012E030,3C,,
D_8016B6BC,,,,,,,,,,,,,,,,,,,,,,,,,,,,,,,,,8016B6BC,,,,,,,
sScriptLoadQueue,,,,,,,,,,,,,,,,,,,,,,,,,,,,,,,,,8016B6E0,,,,,,,
sScriptLoadMsgBuf,,,,,,,,,,,,,,,,,,,,,,,,,,,,,,,,,8016B6F8,,,,,,,
sScriptLoadDonePointers,,,,,,,,,,,,,,,,,,,,,,,,,,,,,,,,,8016B738,,,,,,,
sAudioLoadPad1,,,,,,,,,,,,,,,,,,,,,,,,,,,,,,,,,8016B778,,,,,,,
D_8016B780,,,,,,,,,,,,,,,,,,,,,,,,,,,,,,,,,8016B780,,,,,,,
sAudioLoadPad2,,,,,,,,,,,,,,,,,,,,,,,,,,,,,,,,,8016B788,,,,,,,
sAudioUpdateStartTime,,,,,,,,,,,,,,,,,,,,,,,,,,,,,,,,,8016B7A0,,,,,,,
sAudioUpdateEndTime,,,,,,,,,,,,,,,,,,,,,,,,,,,,,,,,,8016B7A4,,,,,,,
D_8016B7A8,,,,,,,,,,,,,,,,,,,,,,,,,,,,,,,,,8016B7A8,,,,,,,
D_8016B7AC,,,,,,,,,,,,,,,,,,,,,,,,,,,,,,,,,8016B7AC,,,,,,,
D_8016B7B0,,,,,,,,,,,,,,,,,,,,,,,,,,,,,,,,,8016B7B0,,,,,,,
D_8016B7B4,,,,,,,,,,,,,,,,,,,,,,,,,,,,,,,,,8016B7B4,,,,,,,
sRiverFreqScaleLerp,,,,,,,,,,,,,,,,,,,,,,,,,,,,,,,,,8016B7B8,,,,,,,
sWaterfallFreqScaleLerp,,,,,,,,,,,,,,,,,,,,,,,,,,,,,,,,,8016B7C8,,,,,,,
D_8016B7D8,,,,,,,,,,,,,,,,,,,,,,,,,,,,,,,,,8016B7D8,,,,,,,
D_8016B7DC,,,,,,,,,,,,,,,,,,,,,,,,,,,,,,,,,8016B7DC,,,,,,,
D_8016B7E0,,,,,,,,,,,,,,,,,,,,,,,,,,,,,,,,,8016B7E0,,,,,,,
D_8016B7E4,,,,,,,,,,,,,,,,,,,,,,,,,,,,,,,,,8016B7E4,,,,,,,
sAudioScrPrtBuf,,,,,,,,,,,,,,,,,,,,,,,,,,,,,,,,,8016B7E8,,,,,,,
sRiverSoundMainBgmVol,,,,,,,,,,,,,,,,,,,,,,,,,,,,,,,,,8016B8B0,,,,,,,
sRiverSoundMainBgmCurrentVol,,,,,,,,,,,,,,,,,,,,,,,,,,,,,,,,,8016B8B1,,,,,,,
sRiverSoundMainBgmLower,,,,,,,,,,,,,,,,,,,,,,,,,,,,,,,,,8016B8B2,,,,,,,
sRiverSoundMainBgmRestore,,,,,,,,,,,,,,,,,,,,,,,,,,,,,,,,,8016B8B3,,,,,,,
sGanonsTowerVol,,,,,,,,,,,,,,,,,,,,,,,,,,,,,,,,,8016B8B4,,,,,,,
sSfxChannelState,,,,,,,,,,,,,,,,,,,,,,,,,,,,,,,,,8016B8B8,,,,,,,
sBinToStrBuf,,,,,,,,,,,,,,,,,,,,,,,,,,,,,,,,,8016B9B8,,,,,,,
sMalonSingingTimer,,,,,,,,,,,,,,,,,,,,,,,,,,,,,,,,,8016B9D8,,,,,,,
sAudioSpecPeakNumNotes,,,,,,,,,,,,,,,,,,,,,,,,,,,,,,,,,8016B9E0,,,,,,,
sMalonSingingDisabled,,,,,,,,,,,,,,,,,,,,,,,,,,,,,,,,,8016B9F2,,,,,,,
D_8016B9F3,,,,,,,,,,,,,,,,,,,,,,,,,,,,,,,,,8016B9F3,,,,,,,
sFanfareStartTimer,,,,,,,,,,,,,,,,,,,,,,,,,,,,,,,,,8016B9F4,,,,,,,
sFanfareSeqId,,,,,,,,,,,,,,,,,,,,,,,,,,,,,,,,,8016B9F6,,,,,,,
sPlayingStaff,,,,,,,,,,,,,,,,,,,,,,,,,,,,,,,,,8016B9F8,,,,,,,
sPlaybackStaff,,,,,,,,,,,,,,,,,,,,,,,,,,,,,,,,,8016B9FC,,,,,,,
sRecordingStaff,,,,,,,,,,,,,,,,,,,,,,,,,,,,,,,,,8016BA00,,,,,,,
sOcarinaUpdateTaskStart,,,,,,,,,,,,,,,,,,,,,,,,,,,,,,,,,8016BA04,,,,,,,
sOcarinaInputStickAdj,,,,,,,,,,,,,,,,,,,,,,,,,,,,,,,,,8016BA08,,,,,,,
sOcarinaInputButtonCur,,,,,,,,,,,,,,,,,,,,,,,,,,,,,,,,,8016BA0C,,,,,,,
sOcarinaInputButtonStart,,,,,,,,,,,,,,,,,,,,,,,,,,,,,,,,,8016BA10,,,,,,,
sOcarinaInputButtonPrev,,,,,,,,,,,,,,,,,,,,,,,,,,,,,,,,,8016BA14,,,,,,,
sOcarinaInputButtonPress,,,,,,,,,,,,,,,,,,,,,,,,,,,,,,,,,8016BA18,,,,,,,
sOcarinaUnused,,,,,,,,,,,,,,,,,,,,,,,,,,,,,,,,,8016BA1C,,,,,,,
sCurOcarinaSongWithoutMusicStaff,,,,,,,,,,,,,,,,,,,,,,,,,,,,,,,,,8016BA20,,,,,,,
sOcarinaWithoutMusicStaffPos,,,,,,,,,,,,,,,,,,,,,,,,,,,,,,,,,8016BA28,,,,,,,
sOcarinaHasStartedSong,,,,,,,,,,,,,,,,,,,,,,,,,,,,,,,,,8016BA29,,,,,,,
sFirstOcarinaSongIndex,,,,,,,,,,,,,,,,,,,,,,,,,,,,,,,,,8016BA2A,,,,,,,
sLastOcarinaSongIndex,,,,,,,,,,,,,,,,,,,,,,,,,,,,,,,,,8016BA2B,,,,,,,
sAvailOcarinaSongFlags,,,,,,,,,,,,,,,,,,,,,,,,,,,,,,,,,8016BA2C,,,,,,,
sStaffOcarinaPlayingPos,,,,,,,,,,,,,,,,,,,,,,,,,,,,,,,,,8016BA2E,,,,,,,
sMusicStaffPos,,,,,,,,,,,,,,,,,,,,,,,,,,,,,,,,,8016BA30,,,,,,,
sMusicStaffCurHeldLength,,,,,,,,,,,,,,,,,,,,,,,,,,,,,,,,,8016BA50,,,,,,,
sMusicStaffExpectedLength,,,,,,,,,,,,,,,,,,,,,,,,,,,,,,,,,8016BA70,,,,,,,
sMusicStaffExpectedPitch,,,,,,,,,,,,,,,,,,,,,,,,,,,,,,,,,8016BA90,,,,,,,
sScarecrowsLongSongSecondNote,,,,,,,,,,,,,,,,,,,,,,,,,,,,,,,,,8016BAA0,,,,,,,
sIsMalonSinging,,,,,,,,,,,,,,,,,,,,,,,,,,,,,,,,,8016BAA8,,,,,,,
sMalonSingingDist,,,,,,,,,,,,,,,,,,,,,,,,,,,,,,,,,8016BAAC,,,,,,,
sDebugPadHold,,,,,,,,,,,,,,,,,,,,,,,,,,,,,,,,,8016BAB0,,,,,,,
sDebugPadBtnLast,,,,,,,,,,,,,,,,,,,,,,,,,,,,,,,,,8016BAB4,,,,,,,
sDebugPadPress,,,,,,,,,,,,,,,,,,,,,,,,,,,,,,,,,8016BAB8,,,,,,,
sAudioUpdateTaskStart,,,,,,,,,,,,,,,,,,,,,,,,,,,,,,,,,8016BABC,,,,,,,
sAudioUpdateTaskEnd,,,,,,,,,,,,,,,,,,,,,,,,,,,,,,,,,8016BAC0,,,,,,,
D_8016BAD0,,,,,,,,,,,,,,,,,,,,,,,,,,,,,,,,,8016BAD0,,,,,,,
D_8016BC80,,,,,,,,,,,,,,,,,,,,,,,,,,,,,,,,,8016BC80,,,,,,,
D_8016BEC0,,,,,,,,,,,,,,,,,,,,,,,,,,,,,,,,,8016BEC0,,,,,,,
D_8016C2E0,,,,,,,,,,,,,,,,,,,,,,,,,,,,,,,,,8016C2E0,,,,,,,
D_8016C6A0,,,,,,,,,,,,,,,,,,,,,,,,,,,,,,,,,8016C6A0,,,,,,,
D_8016C820,,,,,,,,,,,,,,,,,,,,,,,,,,,,,,,,,8016C820,,,,,,,
D_8016C8B0,,,,,,,,,,,,,,,,,,,,,,,,,,,,,,,,,8016C8B0,,,,,,,
sSfxRequests,,,,,,,,,,,,,,,,,,,,,,,,,,,,,,,,,8016C9A0,,,,,,,
sSfxBankListEnd,,,,,,,,,,,,,,,,,,,,,,,,,,,,,,,,,8016E1A0,,,,,,,
sSfxBankFreeListStart,,,,,,,,,,,,,,,,,,,,,,,,,,,,,,,,,8016E1A8,,,,,,,
sSfxBankUnused,,,,,,,,,,,,,,,,,,,,,,,,,,,,,,,,,8016E1B0,,,,,,,
gActiveSfx,,,,,,,,,,,,,,,,,,,,,,,,,,,,,,,,,8016E1B8,,,,,,,
sCurSfxPlayerChannelIdx,,,,,,,,,,,,,,,,,,,,,,,,,,,,,,,,,8016E260,,,,,,,
gSfxBankMuted,,,,,,,,,,,,,,,,,,,,,,,,,,,,,,,,,8016E264,,,,,,,
sUnusedBankLerp,,,,,,,,,,,,,,,,,,,,,,,,,,,,,,,,,8016E270,,,,,,,
gAudioSfxSwapSource,,,,,,,,,,,,,,,,,,,,,,,,,,,,,,,,,8016E2E0,,,,,,,
gAudioSfxSwapTarget,,,,,,,,,,,,,,,,,,,,,,,,,,,,,,,,,8016E2F8,,,,,,,
gAudioSfxSwapMode,,,,,,,,,,,,,,,,,,,,,,,,,,,,,,,,,8016E310,,,,,,,
sSeqRequests,,,,,,,,,,,,,,,,,,,,,,,,,,,,,,,,,8016E320,,,,,,,
sNumSeqRequests,,,,,,,,,,,,,,,,,,,,,,,,,,,,,,,,,8016E348,,,,,,,
sAudioSeqCmds,,,,,,,,,,,,,,,,,,,,,,,,,,,,,,,,,8016E350,,,,,,,
gActiveSeqs,,,,,,,,,,,,,,,,,,,,,,,,,,,,,,,,,8016E750,,,,,,,
D_8016F0E0,,,,,,,,,,,,,,,,,,,,,,,,,,,,,,,,,8016F0E0,,,,,,,
gAudioCtx,,,,,,,,,,,,,,,,,,,,,,,,,,,,,,,,,8016F180,,,,,,,
D_801755D0,,,,,,,,,,,,,,,,,,,,,,,,,,,,,,,,,801755D0,,,,,,,
D_801755D8,,,,,,,,,,,,,,,,,,,,,,,,,,,,,,,,,801755D8,,,,,,,
gUseAtanContFrac,,,,,,,,,,,,,,,,,,,,,,,,,,,,,,,,,80175600,,,,,,,
gSystemArena,Arena,,,,8012BAA0,10,,,,,,,,,,,,,,,,,,,,,,,,,,,80175610,24,,,80137E50,,,
sArenaLockMsg,OSMesg,,,,,,,,,,,,,,,,,,,,,,,,,,,,,,,,80175650,4,,,80137E40,4,,
__osMalloc_FreeBlockTest_Enable,,,,,,,,,,,,,,,,,,,,,,,,,,,,,,,,,80175654,,,,,,,
sJpegBitStreamPtr,,,,,,,,,,,,,,,,,,,,,,,,,,,,,,,,,80175660,,,,,,,
sJpegBitStreamByteIdx,,,,,,,,,,,,,,,,,,,,,,,,,,,,,,,,,80175664,,,,,,,
sJpegBitStreamBitIdx,,,,,,,,,,,,,,,,,,,,,,,,,,,,,,,,,80175668,,,,,,,
sJpegBitStreamDontSkip,,,,,,,,,,,,,,,,,,,,,,,,,,,,,,,,,80175669,,,,,,,
sJpegBitStreamCurWord,,,,,,,,,,,,,,,,,,,,,,,,,,,,,,,,,8017566C,,,,,,,
__MotorDataBuf,,,,,,,,,,,,,,,,,,,,,,,,,,,,,,,,,801756B0,,,,,,,
siAccessBuf,,,,,,,,,,,,,,,,,,,,,,,,,,,,,,,,,801757B0,,,,,,,
__osSiAccessQueue,,,,,,,,,,,,,,,,,,,,,,,,,,,,,,,,,801757B8,,,,,,,
__osContPifRam,,,,,,,,,,,,,,,,,,,,,,,,,,,,,,,,,801757D0,,,,,,,
__osContLastCmd,,,,,,,,,,,,,,,,,,,,,,,,,,,,,,,,,80175810,,,,,,,
__osMaxControllers,,,,,,,,,,,,,,,,,,,,,,,,,,,,,,,,,80175811,,,,,,,
__osEepromTimer,,,,,,,,,,,,,,,,,,,,,,,,,,,,,,,,,80175818,,,,,,,
__osEepromTimerMsgQueue,,,,,,,,,,,,,,,,,,,,,,,,,,,,,,,,,80175838,,,,,,,
__osEepromTimerMsg,,,,,,,,,,,,,,,,,,,,,,,,,,,,,,,,,80175850,,,,,,,
__osPfsInodeCache,,,,,,,,,,,,,,,,,,,,,,,,,,,,,,,,,80175860,,,,,,,
__osPfsPifRam,,,,,,,,,,,,,,,,,,,,,,,,,,,,,,,,,80175960,,,,,,,
sCharTexSize,,,,,,,,,,,,,,,,,,,,,,,,,,,,,,,,,801759A0,,,,,,,
sCharTexScale,,,,,,,,,,,,,,,,,,,,,,,,,,,,,,,,,801759A4,,,,,,,
sOcarinaButtonAPrimR,,,,,,,,,,,,,,,,,,,,,,,,,,,,,,,,,801759A8,,,,,,,
sOcarinaButtonAPrimB,,,,,,,,,,,,,,,,,,,,,,,,,,,,,,,,,801759AA,,,,,,,
sOcarinaButtonAPrimG,,,,,,,,,,,,,,,,,,,,,,,,,,,,,,,,,801759AC,,,,,,,
sOcarinaButtonAEnvR,,,,,,,,,,,,,,,,,,,,,,,,,,,,,,,,,801759AE,,,,,,,
sOcarinaButtonAEnvB,,,,,,,,,,,,,,,,,,,,,,,,,,,,,,,,,801759B0,,,,,,,
sOcarinaButtonAEnvG,,,,,,,,,,,,,,,,,,,,,,,,,,,,,,,,,801759B2,,,,,,,
sOcarinaButtonCPrimR,,,,,,,,,,,,,,,,,,,,,,,,,,,,,,,,,801759B4,,,,,,,
sOcarinaButtonCPrimB,,,,,,,,,,,,,,,,,,,,,,,,,,,,,,,,,801759B6,,,,,,,
sOcarinaButtonCPrimG,,,,,,,,,,,,,,,,,,,,,,,,,,,,,,,,,801759B8,,,,,,,
sOcarinaButtonCEnvR,,,,,,,,,,,,,,,,,,,,,,,,,,,,,,,,,801759BA,,,,,,,
sOcarinaButtonCEnvB,,,,,,,,,,,,,,,,,,,,,,,,,,,,,,,,,801759BC,,,,,,,
sOcarinaButtonCEnvG,,,,,,,,,,,,,,,,,,,,,,,,,,,,,,,,,801759BE,,,,,,,
gZBuffer,u16,u16 gZBuffer[SCREEN_HEIGHT][SCREEN_WIDTH];,,,8012BE40,25800,,,80129E80,25800,,,,,,,,,,,,,,,,,,,,,,,801759C0,25800,,,,,,
gGfxSPTaskOutputBuffer,,,,,,,,,,,,,,,,,,,,,,,,,,,,,,,,,8019B1C0,,,,,,,
gGfxSPTaskYieldBuffer,,,,,,,,,,,,,,,,,,,,,,,,,,,,,,,,,801B31C0,,,,,,,
gGfxSPTaskStack,,,,,,,,,,,,,,,,,,,,,,,,,,,,,,,,,801B3DC0,,,,,,,
gGfxPools,,,,,,,,,,,,,,,,,,,,,,,,,,,,,,,,,801B41C0,,,,,,,
gAudioHeap,,,,,,,,,,,,,,,,,,,,,,,,,,,,,,,,,801D89E0,,,,,,,
gSystemHeap,,,,,,,,,,,,,,,,,,,,,,,,,,,,,,,,,802109E0,,,,,,,
,,,,,,,,,,,,,,,,,,,,,,,,,,,,,,,,,,,,,,,,
,,,,,,,,,,,,,,,,,,,,,,,,,,,,,,,,,,,,,,,,
,,,,,,,,,,,,,,,,,,,,,,,,,,,,,,,,,,,,,,,,
,,,,,,,,,,,,,,,,,,,,,,,,,,,,,,,,,,,,,,,,
,,,,,,,,,,,,,,,,,,,,,,,,,,,,,,,,,,,,,,,,
kantbl,,static,,,801CF168,A48,,,,,,,,,,,,,,,,,,,,,,,,,,,,,,,,,,
asc2tbl,,static,,,801CFC20,2420,,,,,,,,,,,,,,,,,,,,,,,,,,,,,,,,,,
__leoResetCalled,,,,,801D8D60,4,,,,,,,,,,,,,,,,,,,,,,,,,,,,,,,,,,
__leoQueuesCreated,,,,,801D8D64,4,,,,,,,,,,,,,,,,,,,,,,,,,,,,,,,,,,
cmd_tbl,void (*)(),static,,,801D8D70,40,,,,,,,,,,,,,,,,,,,,,,,,,,,,,,,,,,
system_read_cmd,LEOCmdRead,static,,,801D8DB0,1C,,,,,,,,,,,,,,,,,,,,,,,,,,,,,,,,,,
read_id_cmd,LEOCmdRead,static,,,801D8DD0,1C,,,,,,,,,,,,,,,,,,,,,,,,,,,,,,,,,,
__leoActive,,,,,801D8DF0,4,,,,,,,,,,,,,,,,,,,,,,,,,,,,,,,,,,
_string_n64dd_c,char,,801D8B00,1,801D8E00,1,801D8FA0,1,801D6DC0,1,801D9680,1,801D6E00,1,,,,,,,,,,,,,,,,,,,,,,,,,,
system_lba,u8,static,,,801D93C0,8,,,,,,,,,,,,,,,,,,,,,,,,,,,,,,,,,,
leo_disk_id_lba,u8,static,,,801D9470,2,,,,,,,,,,,,,,,,,,,,,,,,,,,,,,,,,,
LEOfirmware_rev,,,,,801D94F0,8,,,,,,,,,,,,,,,,,,,,,,,,,,,,,,,,,,
LEOBYTE_TBL1,,,,,801D94F8,9,,,,,,,,,,,,,,,,,,,,,,,,,,,,,,,,,,
LEOBYTE_TBL2,,,,,801D9504,12,,,,,,,,,,,,,,,,,,,,,,,,,,,,,,,,,,
LEOVZONE_TBL,,,,,801D9518,E0,,,,,,,,,,,,,,,,,,,,,,,,,,,,,,,,,,
LEOZONE_SCYL_TBL,,,,,801D95F8,20,,,,,,,,,,,,,,,,,,,,,,,,,,,,,,,,,,
LEOVZONE_PZONEHD_TBL,,,,,801D9618,70,,,,,,,,,,,,,,,,,,,,,,,,,,,,,,,,,,
LEOZONE_OUTERCYL_TBL,,,,,801D9688,10,,,,,,,,,,,,,,,,,,,,,,,,,,,,,,,,,,
LEORAM_START_LBA,,,,,801D9698,E,,,,,,,,,,,,,,,,,,,,,,,,,,,,,,,,,,
LEORAM_BYTE,,,,,801D96A8,1C,,,,,,,,,,,,,,,,,,,,,,,,,,,,,,,,,,
rd_mseq_code,u32,static,,,801D9AF0,40,,,,,,,,,,,,,,,,,,,,,,,,,,,,,,,,,,
wt_mseq_code,u32,static,,,801D9B30,40,,,,,,,,,,,,,,,,,,,,,,,,,,,,,,,,,,
ymdupper,u8,static,,,801D9B70,6,,,,,,,,,,,,,,,,,,,,,,,,,,,,,,,,,,
dayupper,u8,static,,,801D9B78,13,,,,,,,,,,,,,,,,,,,,,,,,,,,,,,,,,,
B_801D9C30,struct_801D9C30,,,,801D9C30,118,,,,,,,,,,,,,,,,,,,,,,,,,,,,,,,,,,
B_801E0D10_ne0,OSMesgQueue*,,,,801E0D10,8,,,,,,,,,,,,,,,,,,,,,,,,,,,,,,,,,,
B_801E0D18,struct_801E0D18,,,,801E0D18,70,,,,,,,,,,,,,,,,,,,,,,,,,,,,,,,,,,
LEO_sys_data,,,,,801E51A0,E8,,,,,,,,,,,,,,,,,,,,,,,,,,,,,,,,,,
LEOcommandThread,,,,,801E5288,1B0,,,,,,,,,,,,,,,,,,,,,,,,,,,,,,,,,,
LEOinterruptThread,OSThread,,,,801E5438,1B0,,,,,,,,,,,,,,,,,,,,,,,,,,,,,,,,,,
LEOcommandThreadStack,,,,,801E55E8,400,,,,,,,,,,,,,,,,,,,,,,,,,,,,,,,,,,
LEOinterruptThreadStack,,,,,801E59E8,400,,,,,,,,,,,,,,,,,,,,,,,,,,,,,,,,,,
LEOcommand_que,OSMesgQueue,,,,801E5DE8,18,,,,,,,,,,,,,,,,,,,,,,,,,,,,,,,,,,
LEOevent_que,,,,,801E5E00,18,,,,,,,,,,,,,,,,,,,,,,,,,,,,,,,,,,
LEOcontrol_que,OSMesgQueue,,,,801E5E18,18,,,,,,,,,,,,,,,,,,,,,,,,,,,,,,,,,,
LEOdma_que,,,,,801E5E30,18,,,,,,,,,,,,,,,,,,,,,,,,,,,,,,,,,,
LEOblock_que,,,,,801E5E48,18,,,,,,,,,,,,,,,,,,,,,,,,,,,,,,,,,,
LEOevent_que_buf,,,,,801E5E60,4,,,,,,,,,,,,,,,,,,,,,,,,,,,,,,,,,,
LEOcontrol_que_buf,,,,,801E5E64,4,,,,,,,,,,,,,,,,,,,,,,,,,,,,,,,,,,
LEOdma_que_buf,,,,,801E5E68,8,,,,,,,,,,,,,,,,,,,,,,,,,,,,,,,,,,
LEOblock_que_buf,,,,,801E5E70,4,,,,,,,,,,,,,,,,,,,,,,,,,,,,,,,,,,
LEOwrite_pointer,,,,,801E5E74,4,,,,,,,,,,,,,,,,,,,,,,,,,,,,,,,,,,
LEOcur_command,LEOCmd*,,,,801E5E78,4,,,,,,,,,,,,,,,,,,,,,,,,,,,,,,,,,,
LEOasic_bm_ctl_shadow,,,,,801E5E7C,4,,,,,,,,,,,,,,,,,,,,,,,,,,,,,,,,,,
LEOasic_seq_ctl_shadow,,,,,801E5E80,4,,,,,,,,,,,,,,,,,,,,,,,,,,,,,,,,,,
LEOdrive_flag,,,,,801E5E84,1,,,,,,,,,,,,,,,,,,,,,,,,,,,,,,,,,,
LEOclr_que_flag,,,,,801E5E85,1,,,,,,,,,,,,,,,,,,,,,,,,,,,,,,,,,,
LEOrw_flags,vu16,,,,801E5E86,2,,,,,,,,,,,,,,,,,,,,,,,,,,,,,,,,,,
LEOdisk_type,,,,,801E5E88,1,,,,,,,,,,,,,,,,,,,,,,,,,,,,,,,,,,
LEOtgt_param,tgt_param_form,,,,801E5E90,C,,,,,,,,,,,,,,,,,,,,,,,,,,,,,,,,,,
LEO_country_code,,,,,801E5E9C,4,,,,,,,,,,,,,,,,,,,,,,,,,,,,,,,,,,
LEOc2ctrl_que_buf,,,,,801E5EA0,4,,,,,,,,,,,,,,,,,,,,,,,,,,,,,,,,,,
LEOc2ctrl_que,OSMesgQueue,,,,801E5EA8,18,,,,,,,,,,,,,,,,,,,,,,,,,,,,,,,,,,
LEOPiInfo,OSPiHandle*,,,,801E5EC0,4,,,,,,,,,,,,,,,,,,,,,,,,,,,,,,,,,,
LEOPiDmaParam,,,,,801E5EC8,18,,,,,,,,,,,,,,,,,,,,,,,,,,,,,,,,,,
currentCommand,,,,,801E5EE0,4,,,,,,,,,,,,,,,,,,,,,,,,,,,,,,,,,,
__LeoDiskHandle,OSPiHandle,,,,801E5EF0,74,,,,,,,,,,,,,,,,,,,,,,,,,,,,,,,,,,
__osDiskHandle,OSPiHandle*,,,,801E5F64,4,,,,,,,,,,,,,,,,,,,,,,,,,,,,,,,,,,
asic_cur_status,u32,static,,,801E5F70,4,,,,,,,,,,,,,,,,,,,,,,,,,,,,,,,,,,
unit_atten,u32,static,,,801E5F74,4,,,,,,,,,,,,,,,,,,,,,,,,,,,,,,,,,,
LEO_TempBuffer,,,,,801E5F80,F0,,,,,,,,,,,,,,,,,,,,,,,,,,,,,,,,,,
LEOC2_Syndrome,,,,,801E6070,740,,,,,,,,,,,,,,,,,,,,,,,,,,,,,,,,,,
LEOc2_param,,,,,801E67B0,10,,,,,,,,,,,,,,,,,,,,,,,,,,,,,,,,,,
mseq_tbl,u32,static,,,801E67C0,40,,,,,,,,,,,,,,,,,,,,,,,,,,,,,,,,,,
__leoVersion,,,,,801E6800,,,,,,,,,,,,,,,,,,,,,,,,,,,,,,,,,,,
leoDiskStack,,,,,801E6810,1000,,,,,,,,,,,,,,,,,,,,,,,,,,,,,,,,,,